segment_id,user_id,8-8_DU1,8-8_DU2,8-8_DUtotal,65-32_DU1,65-32_DU2,65-32_DUtotal,69-32_DU1,69-32_DU2,69-32_DUtotal,16-16_DU1,16-16_DU2,16-16_DUtotal,73-32_DU1,73-32_DU2,73-32_DUtotal,32-83_DU1,32-83_DU2,32-83_DUtotal,73-78_DU1,73-78_DU2,73-78_DUtotal,32-67_DU1,32-67_DU2,32-67_DUtotal,82-69_DU1,82-69_DU2,82-69_DUtotal,32-80_DU1,32-80_DU2,32-80_DUtotal,32-68_DU1,32-68_DU2,32-68_DUtotal,32-65_DU1,32-65_DU2,32-65_DUtotal
0001_1,0001,0.416289592760181,0.02159880834160874,0.024411727695985905,0.5975609756097561,0.5407166123778502,0.4008152173913043,0.7922535211267606,0.5309446254071661,0.3739565943238731,0.006870705808869456,0.026043443648356646,0.008651845361953785,0.583011583011583,0.625,0.3151515151515151,0.5503875968992248,0.8116883116883117,0.16748768472906403,0.6679841897233202,0.7971014492753623,0.2441860465116279,0.6043956043956044,0.7291666666666666,0.12835472578763127,0.539568345323741,0.6807228915662651,0.37524950099800397,0.5653710247349824,0.5471014492753623,0.09811165845648605,0.5857605177993528,0.6490066225165563,0.10479199578725645,0.44,0.4794188861985472,0.12073863636363637
0001_2,0001,0.26244343891402716,0.02333664349553128,0.023405058512646282,0.7164634146341463,0.4788273615635179,0.4741847826086957,0.7429577464788732,0.4820846905537459,0.41068447412353926,0.00655840099937539,0.0255885363357216,0.006826561530317964,0.583011583011583,0.5833333333333334,0.37575757575757573,0.5581395348837209,0.6753246753246753,0.1416256157635468,0.6996047430830039,0.6594202898550725,0.3066860465116279,0.6043956043956044,0.7222222222222222,0.17736289381563594,0.6546762589928058,0.6686746987951807,0.3592814371257485,0.5017667844522968,0.4963768115942029,0.07101806239737274,0.44336569579288027,0.7516556291390728,0.14007372301211163,0.6654545454545454,0.5665859564164649,0.12736742424242425
0002_1,0002,0.5067873303167421,0.014150943396226415,0.020636718258462312,0.3475609756097561,0.33876221498371334,0.30570652173913043,0.3908450704225352,0.34527687296416937,0.32387312186978295,0.004372267332916927,0.01882179006027522,0.005640127039754682,0.40540540540540543,0.3472222222222222,0.5121212121212121,0.3875968992248062,0.34415584415584416,0.0665024630541872,0.3675889328063241,0.3333333333333333,0.4375,0.38095238095238093,0.3680555555555556,0.12602100350058343,0.4028776978417266,0.28313253012048195,0.45109780439121755,0.38162544169611307,0.37318840579710144,0.18883415435139572,0.34627831715210355,0.347682119205298,0.05476566614007372,0.36727272727272725,0.30024213075060535,0.07054924242424243
0002_2,0002,0.497737556561086,0.012164846077457795,0.021391720145967033,0.39634146341463417,0.31596091205211724,0.296195652173913,0.397887323943662,0.34527687296416937,0.24540901502504173,0.004372267332916927,0.01495507790287729,0.003194246705362684,0.4092664092664093,0.3506944444444444,0.5409090909090909,0.4496124031007752,0.4025974025974026,0.07635467980295567,0.3675889328063241,0.3333333333333333,0.4186046511627907,0.3443223443223443,0.3645833333333333,0.19369894982497082,0.41007194244604317,0.3373493975903614,0.37524950099800397,0.3674911660777385,0.37681159420289856,0.10509031198686371,0.35275080906148865,0.3509933774834437,0.11743022643496577,0.37454545454545457,0.30024213075060535,0.11410984848484848
0003_1,0003,0.5158371040723982,0.014895729890764648,0.019126714483452874,0.4115853658536585,0.3322475570032573,0.19157608695652173,0.4084507042253521,0.36156351791530944,0.15525876460767946,0.006870705808869456,0.07938132605481633,0.02416675793085825,0.416988416988417,0.3611111111111111,0.29393939393939394,0.38372093023255816,0.41883116883116883,0.0,0.37549407114624506,0.40942028985507245,0.2805232558139535,0.3772893772893773,0.3333333333333333,0.009334889148191364,0.34532374100719426,0.3493975903614458,0.07984031936127745,0.36395759717314485,0.40217391304347827,0.0603448275862069,0.3559870550161812,0.3741721854304636,0.00315955766192733,0.38181818181818183,0.31234866828087166,0.015625
0003_2,0003,0.25339366515837103,0.021102284011916585,0.020888385554297218,0.4146341463414634,0.3127035830618892,0.19972826086956522,0.426056338028169,0.30293159609120524,0.14357262103505844,0.006870705808869456,0.029227794836802,0.008323294272259337,0.3745173745173745,0.2847222222222222,0.2515151515151515,0.40310077519379844,0.42207792207792205,0.013546798029556651,0.3675889328063241,0.34782608695652173,0.2311046511627907,0.38461538461538464,0.375,0.0,0.4064748201438849,0.35843373493975905,0.17764471057884232,0.3321554770318021,0.39855072463768115,0.055008210180623976,0.32038834951456313,0.40066225165562913,0.0,0.3090909090909091,0.26634382566585957,0.014678030303030304
0004_1,0004,0.2081447963800905,0.06094836146971202,0.04794261985654964,0.7926829268292683,0.6905537459283387,0.6752717391304348,0.8380281690140845,0.739413680781759,0.9515859766277128,0.11336664584634604,0.02012964858410099,0.022816047895447743,0.7992277992277992,0.8125,0.5878787878787879,0.8178294573643411,0.737012987012987,0.27032019704433496,0.6640316205533597,0.7137681159420289,0.5712209302325582,0.684981684981685,0.65625,0.2759626604434072,0.6690647482014388,0.6987951807228916,0.6227544910179641,0.8833922261484098,0.644927536231884,0.20073891625615764,0.7119741100323624,0.7119205298013245,0.26961558715113215,0.7418181818181818,0.5980629539951574,0.16193181818181818
0004_2,0004,0.497737556561086,0.025819265143992055,0.03372341764187744,0.8932926829268293,0.758957654723127,0.6875,0.9119718309859155,0.8273615635179153,0.8781302170283807,0.005621486570893191,0.034061185033549414,0.012174643157010915,0.8301158301158301,0.8541666666666666,0.6333333333333333,0.9612403100775194,0.7857142857142857,0.25862068965517243,0.8023715415019763,0.7753623188405797,0.6482558139534884,0.7289377289377289,0.7291666666666666,0.2543757292882147,0.7482014388489209,0.7771084337349398,0.7984031936127745,0.9257950530035336,0.7608695652173914,0.1958128078817734,0.7864077669902912,0.7682119205298014,0.25434439178515006,0.7927272727272727,0.585956416464891,0.20643939393939395
0004_3,0004,0.2171945701357466,0.031777557100297914,0.037498427079401035,0.8902439024390244,1.0,1.0,1.0,0.8664495114006515,0.8898163606010017,0.005621486570893191,0.03218469236892983,0.008907385098382799,1.0,1.0,0.8212121212121212,0.9844961240310077,0.7662337662337663,0.2315270935960591,0.8932806324110671,0.855072463768116,0.7427325581395349,1.0,0.8611111111111112,0.2870478413068845,0.802158273381295,0.7981927710843374,0.8023952095808383,1.0,0.894927536231884,0.22701149425287356,1.0,0.8874172185430463,0.24381253291205898,0.9854545454545455,0.6876513317191283,0.22490530303030304
0005_1,0005,0.5972850678733032,0.016881827209533268,0.020385050962627407,0.5365853658536586,0.5146579804560261,0.296195652173913,0.5774647887323944,0.5211726384364821,0.32053422370617696,0.005621486570893191,0.008074604799272148,0.001131675975614208,0.6293436293436293,0.5208333333333334,0.3606060606060606,0.5968992248062015,0.5194805194805194,0.09852216748768473,0.5573122529644269,0.5869565217391305,0.375,0.608058608058608,0.5069444444444444,0.13477246207701282,0.5935251798561151,0.5090361445783133,0.5568862275449101,0.49823321554770317,0.5289855072463768,0.1022167487684729,0.4886731391585761,0.4503311258278146,0.0573986308583465,0.5563636363636364,0.43099273607748184,0.11600378787878787
0005_2,0005,0.5972850678733032,0.016881827209533268,0.0201333836667925,0.5670731707317073,0.5211726384364821,0.31929347826086957,0.6514084507042254,0.4820846905537459,0.333889816360601,0.13928794503435352,0.014102126691686569,0.0171576680173767,0.5907335907335908,0.4861111111111111,0.3787878787878788,0.5697674418604651,0.5941558441558441,0.0960591133004926,0.5573122529644269,0.4891304347826087,0.3706395348837209,0.4945054945054945,0.5069444444444444,0.10035005834305717,0.5539568345323741,0.5542168674698795,0.5508982035928144,0.49469964664310956,0.5289855072463768,0.1055008210180624,0.4919093851132686,0.5397350993377483,0.06845708267509215,0.52,0.4067796610169492,0.07054924242424243
0006_1,0006,0.45248868778280543,0.015888778550148957,0.020888385554297218,0.524390243902439,0.6384364820846905,0.4116847826086957,0.7077464788732394,0.6710097719869706,0.44741235392320533,0.006246096189881324,0.03616513135448653,0.015332384185740882,0.7065637065637066,0.7083333333333334,0.2727272727272727,0.7596899224806202,0.5876623376623377,0.11268472906403941,0.5335968379446641,0.9746376811594203,0.3081395348837209,0.7802197802197802,0.6805555555555556,0.17969661610268378,0.3381294964028777,0.6927710843373494,0.2435129740518962,0.6713780918727915,0.8840579710144928,0.12315270935960591,0.6699029126213593,0.7450331125827815,0.13796735123749343,0.6290909090909091,0.41646489104116224,0.0771780303030303
0007_1,0007,0.5429864253393665,0.020854021847070508,0.03259091481062036,0.7621951219512195,0.5928338762214984,0.5665760869565217,0.721830985915493,0.5863192182410424,0.4373956594323873,0.005621486570893191,0.09911293074036165,0.030372722958420036,0.6293436293436293,0.5381944444444444,0.27424242424242423,0.7558139534883721,0.9383116883116883,0.2869458128078818,0.5968379446640316,0.5072463768115942,0.45058139534883723,0.706959706959707,0.8784722222222222,0.3296382730455076,0.5611510791366906,0.6204819277108434,0.46706586826347307,0.6431095406360424,0.6086956521739131,0.1116584564860427,0.5533980582524272,0.9801324503311258,0.18062137967351238,0.6363636363636364,0.6343825665859564,0.2646780303030303
0007_2,0007,0.2081447963800905,0.03264647467725919,0.02856423807726186,0.8536585365853658,0.5537459283387622,0.5258152173913043,0.721830985915493,0.6188925081433225,0.4540901502504174,0.005621486570893191,0.030137609462072102,0.008232030080677546,0.6293436293436293,0.5625,0.34393939393939393,0.6744186046511628,0.8896103896103896,0.1933497536945813,0.6324110671936759,0.5869565217391305,0.5058139534883721,0.6483516483516484,0.9166666666666666,0.2485414235705951,0.5539568345323741,0.6807228915662651,0.5828343313373253,0.607773851590106,0.6413043478260869,0.16461412151067323,0.5857605177993528,0.8013245033112583,0.17851500789889416,0.6181818181818182,0.711864406779661,0.14962121212121213
0008_1,0008,0.3076923076923077,0.019860973187686197,0.02705423430225242,0.42073170731707316,0.3322475570032573,0.264945652173913,0.40492957746478875,0.31921824104234525,0.18030050083472454,,,,0.4362934362934363,0.3368055555555556,0.2681818181818182,0.36046511627906974,0.41883116883116883,0.08435960591133004,0.5573122529644269,0.4601449275362319,0.125,0.3772893772893773,0.5,0.08051341890315053,0.35251798561151076,0.3614457831325301,0.11177644710578842,0.3992932862190813,0.42028985507246375,0.0784072249589491,0.28802588996763756,0.5827814569536424,0.08109531332280147,0.3927272727272727,0.2929782082324455,0.04640151515151515
0008_2,0008,0.45248868778280543,0.01638530287984111,0.02466339499182081,0.4329268292682927,0.2931596091205212,0.18614130434782608,0.40492957746478875,0.3322475570032573,0.19031719532554256,1.0,0.05709086773569885,1.0,0.4362934362934363,0.3576388888888889,0.2606060606060606,0.37209302325581395,0.4025974025974026,0.034482758620689655,0.6047430830039525,0.4927536231884058,0.13662790697674418,0.315018315018315,0.4305555555555556,0.16511085180863477,0.4568345323741007,0.39156626506024095,0.1656686626746507,0.35335689045936397,0.44565217391304346,0.08620689655172414,0.35275080906148865,0.4370860927152318,0.05845181674565561,0.31636363636363635,0.3389830508474576,0.06486742424242424
0009_1,0009,0.46153846153846156,0.01564051638530288,0.022398389329306656,0.6737804878048781,0.4820846905537459,0.4904891304347826,0.7077464788732394,0.48859934853420195,0.38731218697829717,0.001561524047470331,0.005003980438985557,9.126419158179097e-05,0.6833976833976834,0.5347222222222222,0.27575757575757576,0.5852713178294574,0.6493506493506493,0.4273399014778325,0.6679841897233202,0.7355072463768116,0.45058139534883723,0.7362637362637363,0.7430555555555556,0.30688448074679114,0.5611510791366906,0.5542168674698795,0.29141716566866266,0.5371024734982333,0.3115942028985507,0.26683087027914615,0.5436893203883495,0.7715231788079471,0.16798314902580305,0.43636363636363634,0.4939467312348668,0.4090909090909091
0009_2,0009,0.497737556561086,0.014895729890764648,0.024285894048068454,0.725609756097561,0.5993485342019544,0.4279891304347826,0.7147887323943662,0.6188925081433225,0.4307178631051753,0.0018738288569643974,0.0059137950642556576,0.0,0.7567567567567568,0.6145833333333334,0.23636363636363636,0.7441860465116279,0.6655844155844156,0.6607142857142857,0.541501976284585,0.7753623188405797,0.5406976744186046,0.7362637362637363,0.7638888888888888,0.4387397899649942,0.6474820143884892,0.6596385542168675,0.5389221556886228,0.6537102473498233,0.5978260869565217,0.3657635467980296,0.6051779935275081,0.7450331125827815,0.3591363875724065,0.6509090909090909,0.585956416464891,0.2703598484848485
0010_1,0010,0.9366515837104072,0.026812313803376366,0.040518434629419904,0.7469512195121951,0.7785016286644951,0.5081521739130435,0.6936619718309859,0.7785016286644951,0.5258764607679466,0.004372267332916927,0.15972933014898213,0.049665973058810646,0.7335907335907336,0.6944444444444444,0.55,0.8992248062015504,0.9285714285714286,0.2875615763546798,0.8260869565217391,0.7971014492753623,0.3953488372093023,0.8644688644688645,0.8819444444444444,0.1779463243873979,0.5683453237410072,0.8283132530120482,0.4870259481037924,0.734982332155477,0.9782608695652174,0.1724137931034483,0.6245954692556634,0.8940397350993378,0.14481305950500264,0.7672727272727272,0.5956416464891041,0.10274621212121213
0010_2,0010,0.17194570135746606,0.028798411122144985,0.03523342141688687,0.7774390243902439,0.8175895765472313,0.7255434782608695,0.8626760563380281,0.7752442996742671,0.5575959933222037,0.004372267332916927,0.04435346298191743,0.017029898149162195,0.7374517374517374,0.8055555555555556,0.6333333333333333,0.7829457364341085,0.8246753246753247,0.14285714285714285,0.8300395256916996,0.75,0.34738372093023256,0.8681318681318682,0.875,0.23045507584597433,0.5071942446043165,1.0,0.5249500998003992,0.7420494699646644,0.8623188405797102,0.15435139573070608,0.7022653721682848,0.9503311258278145,0.25434439178515006,0.8545454545454545,0.6150121065375302,0.12168560606060606
0011_1,0011,0.14479638009049775,0.021847070506454815,0.028438404429344408,0.3902439024390244,0.6254071661237784,0.264945652173913,0.5387323943661971,0.6449511400651465,0.3005008347245409,,,,0.667953667953668,0.625,0.22424242424242424,0.7054263565891473,0.6363636363636364,0.19950738916256158,0.6600790513833992,0.5905797101449275,0.4331395348837209,0.6996336996336996,0.8645833333333334,0.22637106184364061,0.6402877697841727,0.7801204819277109,0.7145708582834331,0.6113074204946997,0.7101449275362319,0.07922824302134647,0.6375404530744336,0.6754966887417219,0.18588730911005794,0.7381818181818182,0.45036319612590797,0.12452651515151515
0011_2,0011,0.15384615384615385,0.02159880834160874,0.027180067950169876,0.4695121951219512,0.6058631921824105,0.31657608695652173,0.4612676056338028,0.5798045602605864,0.2370617696160267,0.07651467832604622,0.018651199818037076,0.02153834921330267,0.5521235521235521,0.5833333333333334,0.19393939393939394,0.7441860465116279,0.7012987012987013,0.22536945812807882,0.6047430830039525,0.5797101449275363,0.38808139534883723,0.6703296703296703,0.7361111111111112,0.27887981330221706,0.6546762589928058,0.6927710843373494,0.6626746506986028,0.6890459363957597,0.6847826086956522,0.14860426929392448,0.6051779935275081,0.9668874172185431,0.1911532385466035,0.6472727272727272,0.4963680387409201,0.14109848484848486
0011_3,0011,0.5520361990950227,0.01961271102284012,0.03095507738769347,0.4634146341463415,0.6123778501628665,0.2758152173913043,0.4612676056338028,0.6449511400651465,0.21702838063439064,,,,0.5907335907335908,0.625,0.22272727272727272,0.6976744186046512,0.6363636363636364,0.17364532019704434,0.5968379446640316,0.572463768115942,0.45348837209302323,0.6776556776556777,0.8125,0.17969661610268378,0.5539568345323741,0.4879518072289157,0.5229540918163673,0.7067137809187279,0.6920289855072463,0.12274220032840723,0.5954692556634305,0.7086092715231788,0.18588730911005794,0.6872727272727273,0.49878934624697335,0.1377840909090909
0012_1,0012,0.4253393665158371,0.01266137040714995,0.017113376116773625,0.5426829268292683,0.46254071661237783,0.28396739130434784,0.545774647887324,0.46254071661237783,0.22370617696160267,0.24765771392879452,0.05367906289093597,0.48822691928594897,0.5675675675675675,0.4930555555555556,0.31212121212121213,0.5271317829457365,0.6103896103896104,0.05110837438423645,0.391304347826087,0.4782608695652174,0.0436046511627907,0.4652014652014652,0.4861111111111111,0.057176196032672114,0.3669064748201439,0.5903614457831325,0.19161676646706588,0.5229681978798587,0.6304347826086957,0.07963875205254516,0.4692556634304207,0.5894039735099338,0.05529225908372828,0.48363636363636364,0.5181598062953995,0.06865530303030302
0012_2,0012,0.5610859728506787,0.019364448857994043,0.023153391216811377,0.5579268292682927,0.46579804560260585,0.3138586956521739,0.5352112676056338,0.43322475570032576,0.21368948247078465,0.3688319800124922,0.37689070851813944,0.18099514474500786,0.5173745173745173,0.4826388888888889,0.28484848484848485,0.4844961240310077,0.6266233766233766,0.04556650246305419,0.35177865612648224,0.4855072463768116,0.0436046511627907,0.5274725274725275,0.5069444444444444,0.06301050175029171,0.39568345323741005,0.5421686746987951,0.2155688622754491,0.43109540636042404,0.5108695652173914,0.05665024630541872,0.5145631067961165,0.5099337748344371,0.045813586097946286,0.49818181818181817,0.5084745762711864,0.052556818181818184
0013_1,0013,0.48868778280542985,0.01464746772591857,0.020636718258462312,0.5304878048780488,0.3713355048859935,0.3220108695652174,0.5,0.4006514657980456,0.24540901502504173,,,,0.4517374517374517,0.3888888888888889,0.27575757575757576,0.46511627906976744,0.5974025974025974,0.09298029556650246,0.48616600790513836,0.45652173913043476,0.18895348837209303,0.4175824175824176,0.5277777777777778,0.1516919486581097,0.5251798561151079,0.4457831325301205,0.22954091816367264,0.3745583038869258,0.4782608695652174,0.07060755336617405,0.37216828478964403,0.6556291390728477,0.06266456029489205,0.37454545454545457,0.39709443099273606,0.03740530303030303
0013_2,0013,0.4796380090497738,0.014399205561072492,0.017616710708443437,0.5365853658536586,0.3713355048859935,0.2703804347826087,0.5176056338028169,0.3778501628664495,0.2337228714524207,,,,0.4362934362934363,0.3611111111111111,0.2787878787878788,0.4689922480620155,0.5162337662337663,0.07327586206896551,0.5296442687747036,0.391304347826087,0.22238372093023256,0.47985347985347987,0.5138888888888888,0.13652275379229872,0.5323741007194245,0.5,0.29141716566866266,0.3498233215547703,0.40942028985507245,0.05295566502463054,0.4110032362459547,0.6688741721854304,0.08583464981569247,0.39636363636363636,0.46973365617433416,0.10179924242424243
0014_1,0014,0.18099547511312217,0.018123138033763656,0.022901723920976468,0.5914634146341463,0.6938110749185668,0.3654891304347826,0.5352112676056338,0.6742671009771987,0.29549248747913187,0.004372267332916927,0.03389059479131127,0.009199430511444529,0.6525096525096525,0.6145833333333334,0.20303030303030303,0.7209302325581395,0.6136363636363636,0.10344827586206896,0.6007905138339921,0.5869565217391305,0.39244186046511625,0.663003663003663,0.6805555555555556,0.4469078179696616,0.4172661870503597,0.5843373493975904,0.23353293413173654,0.7703180212014135,0.5217391304347826,0.06814449917898194,0.5857605177993528,0.6622516556291391,0.06582411795681938,0.6436363636363637,0.4939467312348668,0.07149621212121213
0014_2,0014,0.18099547511312217,0.02358490566037736,0.023153391216811377,0.5945121951219512,0.7133550488599348,0.41440217391304346,0.5316901408450704,0.6579804560260586,0.31719532554257096,0.004372267332916927,0.1322074377345616,0.040831599313693276,0.6525096525096525,0.6527777777777778,0.23030303030303031,0.7286821705426356,0.525974025974026,0.10467980295566502,0.549407114624506,0.572463768115942,0.3866279069767442,0.7765567765567766,0.7673611111111112,0.1691948658109685,0.3489208633093525,0.6355421686746988,0.19560878243512975,0.7314487632508834,0.5434782608695652,0.054187192118226604,0.6828478964401294,0.6821192052980133,0.10900473933649289,0.6145454545454545,0.4213075060532688,0.052556818181818184
0014_3,0014,0.5203619909502263,0.021102284011916585,0.025418396879325532,0.6036585365853658,0.6775244299674267,0.37092391304347827,0.5105633802816901,0.6938110749185668,0.2988313856427379,,,,0.5984555984555985,0.6875,0.2015151515151515,0.7596899224806202,0.6136363636363636,0.09913793103448276,0.5573122529644269,0.4963768115942029,0.3953488372093023,0.7692307692307693,0.7152777777777778,0.16861143523920655,0.4136690647482014,0.6234939759036144,0.2155688622754491,0.7067137809187279,0.5144927536231884,0.06732348111658457,0.6699029126213593,0.5761589403973509,0.1321748288572933,0.7418181818181818,0.513317191283293,0.07670454545454546
0015_1,0015,0.5158371040723982,0.01452333664349553,0.01686170882093872,0.47560975609756095,0.36482084690553745,0.30842391304347827,0.4753521126760563,0.3583061889250814,0.2671118530884808,,,,0.49034749034749037,0.3819444444444444,0.3090909090909091,0.40310077519379844,0.4805194805194805,0.07881773399014778,0.5098814229249012,0.5144927536231884,0.2441860465116279,0.39194139194139194,0.5208333333333334,0.07817969661610269,0.4172661870503597,0.42771084337349397,0.1656686626746507,0.3462897526501767,0.5833333333333334,0.11494252873563218,0.3559870550161812,0.543046357615894,0.07688256977356503,0.45454545454545453,0.3583535108958838,0.046875
0015_2,0015,0.45701357466063347,0.01464746772591857,0.021014219202214673,0.5365853658536586,0.36482084690553745,0.30570652173913043,0.5880281690140845,0.3583061889250814,0.25375626043405675,,,,0.4826254826254826,0.3541666666666667,0.28939393939393937,0.4069767441860465,0.4837662337662338,0.09667487684729065,0.6047430830039525,0.5,0.2441860465116279,0.39194139194139194,0.8611111111111112,0.19894982497082847,0.5359712230215827,0.5,0.21756487025948104,0.3957597173144876,0.463768115942029,0.12151067323481117,0.3592233009708738,0.6258278145695364,0.13428120063191154,0.39636363636363636,0.387409200968523,0.09327651515151515
0016_1,0016,0.2171945701357466,0.05623138033763654,0.04869762174405436,0.6646341463414634,0.7231270358306189,0.6317934782608695,0.6725352112676056,0.6807817589576547,0.5826377295492488,,,,0.7915057915057915,0.7083333333333334,0.4303030303030303,0.8682170542635659,0.564935064935065,0.23522167487684728,0.6521739130434783,0.7463768115942029,0.752906976744186,0.7582417582417582,0.59375,0.2147024504084014,0.6115107913669064,0.4608433734939759,0.7125748502994012,0.7314487632508834,0.782608695652174,0.1330049261083744,0.6957928802588996,0.5231788079470199,0.1932596103212217,0.7818181818181819,0.5375302663438256,0.18229166666666666
0016_2,0016,0.2081447963800905,1.0,1.0,0.7012195121951219,0.7882736156351792,0.5883152173913043,0.6373239436619719,0.6905537459283387,0.5709515859766278,,,,0.752895752895753,0.6944444444444444,0.42424242424242425,0.8604651162790697,0.5454545454545454,0.16133004926108374,0.7312252964426877,0.8115942028985508,0.7281976744186046,0.7216117216117216,0.5625,0.19194865810968495,0.5539568345323741,0.4578313253012048,0.5948103792415169,0.7491166077738516,0.7608695652173914,0.10344827586206896,0.7184466019417476,0.5960264900662252,0.1358609794628752,0.8181818181818182,0.4745762711864407,0.14015151515151514
0017_1,0017,0.6606334841628959,0.01663356504468719,0.030703410091858563,0.6402439024390244,0.4560260586319218,0.5203804347826086,0.7429577464788732,0.46905537459283386,0.5308848080133556,0.0037476577139287947,0.06129876037757307,0.019128974555543386,0.6138996138996139,0.4652777777777778,0.4666666666666667,0.5348837209302325,0.6623376623376623,0.13177339901477833,0.9367588932806324,0.7681159420289855,0.3691860465116279,0.5238095238095238,0.8263888888888888,0.17269544924154026,0.5971223021582733,0.6385542168674698,0.4151696606786427,0.4840989399293286,0.7717391304347826,0.2926929392446634,0.5080906148867314,0.9006622516556292,0.12269615587151132,0.49818181818181817,0.49878934624697335,0.08285984848484848
0017_2,0017,0.5248868778280543,0.015516385302879842,0.029696740908518936,0.5487804878048781,0.46254071661237783,0.4633152173913043,0.6866197183098591,0.46254071661237783,0.5308848080133556,0.0037476577139287947,0.05783009211873081,0.0183806081845727,0.5521235521235521,0.5138888888888888,0.4666666666666667,0.5271317829457365,0.5551948051948052,0.08435960591133004,0.8260869565217391,0.7028985507246377,0.34593023255813954,0.5604395604395604,0.8194444444444444,0.1808634772462077,0.5323741007194245,0.5933734939759037,0.3812375249500998,0.5229681978798587,0.6884057971014492,0.2832512315270936,0.5016181229773463,0.9403973509933775,0.1732490784623486,0.5272727272727272,0.4794188861985472,0.09138257575757576
0018_1,0018,0.6425339366515838,0.024577954319761668,0.04353844217943878,0.7317073170731707,0.8599348534201955,0.7377717391304348,0.7288732394366197,0.8338762214983714,0.6410684474123539,0.005621486570893191,0.3087683384510406,0.09903990070455956,0.8841698841698842,0.8958333333333334,0.6303030303030303,1.0,0.577922077922078,0.3275862068965517,1.0,0.8152173913043478,0.75,0.9413919413919414,0.5659722222222222,0.26429404900816805,0.6762589928057554,0.6204819277108434,0.6666666666666666,0.9293286219081273,0.5905797101449275,0.1990968801313629,0.8122977346278317,0.6158940397350994,0.20800421274354924,0.9127272727272727,0.5375302663438256,0.24857954545454544
0018_2,0018,0.7330316742081447,0.02333664349553128,0.03976343274191519,0.7317073170731707,0.762214983713355,0.8057065217391305,0.7640845070422535,0.8338762214983714,0.6076794657762938,0.005621486570893191,0.1628568179233481,0.05081590187274121,0.7992277992277992,0.8194444444444444,1.0,0.9069767441860465,0.6006493506493507,0.3583743842364532,0.9762845849802372,0.8333333333333334,0.6656976744186046,0.8461538461538461,0.6006944444444444,0.23512252042007,0.7122302158273381,0.6566265060240963,0.6586826347305389,0.8692579505300353,0.6086956521739131,0.20525451559934318,0.7605177993527508,0.5894039735099338,0.26171669299631384,0.9309090909090909,0.5617433414043583,0.26420454545454547
0019_1,0019,0.416289592760181,0.013157894736842105,0.0201333836667925,0.5975609756097561,0.3583061889250814,0.34646739130434784,0.5985915492957746,0.4006514657980456,0.44574290484140233,0.004372267332916927,0.03423177527578756,0.010659657576753185,0.46332046332046334,0.4097222222222222,0.43787878787878787,0.4418604651162791,0.7727272727272727,0.270935960591133,0.43873517786561267,0.42391304347826086,0.39825581395348836,0.3772893772893773,0.7569444444444444,0.15635939323220538,0.37410071942446044,0.75,0.3013972055888224,0.35335689045936397,0.41304347826086957,0.20730706075533661,0.3656957928802589,0.7516556291390728,0.22801474460242233,0.34545454545454546,0.5326876513317191,0.14441287878787878
0019_2,0019,0.46153846153846156,0.013157894736842105,0.01937838177928778,0.5945121951219512,0.3517915309446254,0.3383152173913043,0.5985915492957746,0.3550488599348534,0.4073455759599332,0.004372267332916927,1.0,0.319406417697952,0.4362934362934363,0.3298611111111111,0.4348484848484849,0.40310077519379844,0.6168831168831169,0.33251231527093594,0.3675889328063241,0.427536231884058,0.39244186046511625,0.3772893772893773,0.8090277777777778,0.1983663943990665,0.3381294964028777,0.7530120481927711,0.2934131736526946,0.35335689045936397,0.38405797101449274,0.3160919540229885,0.3268608414239482,0.7152317880794702,0.11743022643496577,0.37454545454545457,0.5520581113801453,0.22774621212121213
0020_1,0020,0.4253393665158371,0.014399205561072492,0.021895054737636845,0.5640243902439024,0.41042345276872966,0.2866847826086957,0.4894366197183099,0.4364820846905538,0.32554257095158595,0.004372267332916927,0.04822017513931536,0.016829116927682256,0.40540540540540543,0.3402777777777778,0.36515151515151517,0.5271317829457365,0.5064935064935064,0.05665024630541872,0.5019762845849802,0.39855072463768115,0.32558139534883723,0.5164835164835165,0.4027777777777778,0.06592765460910152,0.60431654676259,0.43373493975903615,0.2554890219560878,0.3250883392226148,0.5797101449275363,0.09441707717569786,0.4692556634304207,0.5894039735099338,0.07740916271721959,0.49818181818181817,0.4261501210653753,0.04498106060606061
0020_2,0020,0.4253393665158371,0.01663356504468719,0.028690071725179313,0.524390243902439,0.41042345276872966,0.297554347826087,0.5105633802816901,0.40390879478827363,0.22036727879799667,0.004372267332916927,0.17553735926305014,0.05474026211075822,0.40540540540540543,0.3784722222222222,0.37272727272727274,0.5271317829457365,0.461038961038961,0.08066502463054187,0.5098814229249012,0.5144927536231884,0.34011627906976744,0.45054945054945056,0.3611111111111111,0.061843640606767794,0.5,0.4879518072289157,0.20159680638722555,0.3250883392226148,0.48188405797101447,0.07922824302134647,0.4110032362459547,0.5827814569536424,0.06477093206951026,0.4072727272727273,0.3486682808716707,0.041666666666666664
0021_1,0021,0.2171945701357466,0.046300893743793446,0.04316094123568642,0.6341463414634146,0.4495114006514658,0.28396739130434784,0.5387323943661971,0.4234527687296417,0.19699499165275458,0.005777638975640225,0.006653019447287615,0.0006388493410725368,0.6061776061776062,0.4166666666666667,0.42727272727272725,0.46511627906976744,0.7532467532467533,0.09482758620689655,0.5652173913043478,0.5434782608695652,0.45930232558139533,0.5311355311355311,0.8055555555555556,0.13302217036172695,0.4028776978417266,0.5963855421686747,0.21956087824351297,0.5300353356890459,0.5,0.10467980295566502,0.3786407766990291,0.7350993377483444,0.08162190626645603,0.44727272727272727,0.5472154963680388,0.07433712121212122
0021_2,0021,0.46153846153846156,0.023088381330685203,0.02214672203347175,0.551829268292683,0.5179153094462541,0.3070652173913043,0.6232394366197183,0.48859934853420195,0.2570951585976628,,,,0.5907335907335908,0.5486111111111112,0.42424242424242425,0.5968992248062015,0.6168831168831169,0.0960591133004926,0.5375494071146245,0.5833333333333334,0.44476744186046513,0.4908424908424908,0.7326388888888888,0.10501750291715285,0.3669064748201439,0.6626506024096386,0.2754491017964072,0.5159010600706714,0.45652173913043476,0.08620689655172414,0.540453074433657,0.7086092715231788,0.10795155344918378,0.44727272727272727,0.6101694915254238,0.09801136363636363
0021_3,0021,0.2171945701357466,0.030536246276067526,0.02743173524600478,0.7439024390243902,0.40390879478827363,0.327445652173913,0.573943661971831,0.41042345276872966,0.21035058430717862,0.15927545284197375,0.0,0.016500565837987806,0.555984555984556,0.4444444444444444,0.43787878787878787,0.41472868217054265,0.5844155844155844,0.04495073891625616,0.5177865612648221,0.5434782608695652,0.561046511627907,0.42124542124542125,0.7881944444444444,0.10793465577596266,0.2446043165467626,0.7831325301204819,0.2714570858283433,0.4452296819787986,0.4528985507246377,0.07799671592775041,0.44983818770226536,0.9072847682119205,0.12164296998420221,0.43272727272727274,0.513317191283293,0.05539772727272727
0022_1,0022,0.5972850678733032,0.016012909632571997,0.020259217314709952,0.5487804878048781,0.6514657980456026,0.3220108695652174,0.5211267605633803,0.6286644951140065,0.2671118530884808,0.003435352904434728,0.05601046286819061,0.016993392472529477,0.4980694980694981,0.6597222222222222,0.12727272727272726,0.5658914728682171,0.5941558441558441,0.04495073891625616,0.5573122529644269,0.6739130434782609,0.18459302325581395,0.6483516483516484,0.6736111111111112,0.1306884480746791,0.33093525179856115,0.5301204819277109,0.1596806387225549,0.6360424028268551,0.6884057971014492,0.040229885057471264,0.4692556634304207,0.5960264900662252,0.06898367561874671,0.6145454545454545,0.5423728813559322,0.07433712121212122
0022_2,0022,0.5882352941176471,0.01737835153922542,0.021140052850132124,0.4268292682926829,0.6319218241042345,0.30027173913043476,0.40492957746478875,0.6351791530944625,0.22036727879799667,,,,0.5675675675675675,0.6597222222222222,0.19090909090909092,0.6511627906976745,0.6785714285714286,0.07881773399014778,0.40711462450592883,0.7536231884057971,0.19186046511627908,0.575091575091575,0.5625,0.06301050175029171,0.3489208633093525,0.46686746987951805,0.11776447105788423,0.607773851590106,0.6739130434782609,0.020525451559934318,0.5922330097087378,0.6423841059602649,0.10215903106898368,0.6181818181818182,0.5375302663438256,0.08475378787878787
0023_1,0023,0.18099547511312217,0.027184707050645483,0.03900843085441047,0.5548780487804879,0.3127035830618892,0.7269021739130435,0.40492957746478875,0.3127035830618892,0.9315525876460768,0.004372267332916927,0.1458546571136131,0.045194027671302886,0.42857142857142855,0.25,0.6606060606060606,0.3488372093023256,0.512987012987013,0.4100985221674877,0.4505928853754941,0.35507246376811596,0.9752906976744186,0.34065934065934067,0.3819444444444444,0.31388564760793464,0.4244604316546763,0.3493975903614458,0.5109780439121756,0.28975265017667845,0.39855072463768115,0.4614121510673235,0.313915857605178,0.36423841059602646,0.2790942601369142,0.33090909090909093,0.4600484261501211,0.2589962121212121
0024_1,0024,0.0,0.00024826216484607745,0.0,0.018292682926829267,0.0,0.035326086956521736,0.017605633802816902,0.0,0.0,,,,0.03474903474903475,0.0,0.3242424242424242,0.0,0.0,0.16995073891625614,0.0,0.010869565217391304,0.18895348837209303,0.0,0.0,0.1983663943990665,0.02158273381294964,0.012048192771084338,0.20758483033932135,0.0,0.0,0.30049261083743845,0.0,0.0,0.31700895208004215,0.0,0.0,0.30492424242424243
0025_1,0025,0.5248868778280543,0.016881827209533268,0.020888385554297218,0.5,0.3973941368078176,0.26766304347826086,0.4753521126760563,0.41042345276872966,0.21202003338898165,,,,0.5521235521235521,0.4097222222222222,0.4393939393939394,0.4728682170542636,0.4090909090909091,0.034482758620689655,0.4505928853754941,0.47101449275362317,0.3241279069767442,0.4542124542124542,0.4930555555555556,0.1161026837806301,0.4316546762589928,0.3674698795180723,0.38323353293413176,0.4028268551236749,0.45652173913043476,0.07963875205254516,0.4174757281553398,0.3675496688741722,0.0315955766192733,0.44,0.34382566585956414,0.05350378787878788
0025_2,0025,0.5158371040723982,0.018867924528301886,0.020636718258462312,0.45426829268292684,0.41042345276872966,0.26766304347826086,0.46830985915492956,0.39087947882736157,0.21202003338898165,,,,0.5444015444015444,0.3611111111111111,0.3696969696969697,0.40310077519379844,0.4090909090909091,0.0437192118226601,0.49407114624505927,0.41304347826086957,0.3386627906976744,0.45054945054945056,0.4375,0.07117852975495916,0.48201438848920863,0.39156626506024095,0.38323353293413176,0.4275618374558304,0.45652173913043476,0.10632183908045977,0.4110032362459547,0.41721854304635764,0.10689836756187467,0.3890909090909091,0.34382566585956414,0.06865530303030302
0026_1,0026,0.46153846153846156,0.013902681231380337,0.015225871398011829,0.4024390243902439,0.36482084690553745,0.20652173913043478,0.3767605633802817,0.3322475570032573,0.1302170283806344,0.056527170518425984,0.014102126691686569,0.14248165589749207,0.42857142857142855,0.3333333333333333,0.0,0.39147286821705424,0.512987012987013,0.0603448275862069,0.35968379446640314,0.4057971014492754,0.26453488372093026,0.3553113553113553,0.5,0.058343057176196034,0.2733812949640288,0.4578313253012048,0.06387225548902195,0.392226148409894,0.34057971014492755,0.02175697865353038,0.34627831715210355,0.47019867549668876,0.03317535545023697,0.36,0.24213075060532688,0.047821969696969696
0026_2,0026,0.48868778280542985,0.013902681231380337,0.015351705045929281,0.4329268292682927,0.39087947882736157,0.23505434782608695,0.38380281690140844,0.36482084690553745,0.14524207011686144,,,,0.42857142857142855,0.3680555555555556,0.015151515151515152,0.34108527131782945,0.4675324675324675,0.07142857142857142,0.3675889328063241,0.4166666666666667,0.27325581395348836,0.39194139194139194,0.5347222222222222,0.0338389731621937,0.34532374100719426,0.46987951807228917,0.1596806387225549,0.3674911660777385,0.3695652173913043,0.042692939244663386,0.39158576051779936,0.48344370860927155,0.04897314375987362,0.3890909090909091,0.3196125907990315,0.06013257575757576
0027_1,0027,0.4434389140271493,0.012413108242303872,0.015603372341764187,0.6524390243902439,0.38436482084690554,0.453804347826087,0.7147887323943662,0.3778501628664495,0.4307178631051753,,,,0.6447876447876448,0.3958333333333333,0.4727272727272727,0.4186046511627907,0.7662337662337663,0.22413793103448276,0.6956521739130435,0.5253623188405797,0.44476744186046513,0.42857142857142855,0.4166666666666667,0.1855309218203034,0.5755395683453237,0.5632530120481928,0.564870259481038,0.42402826855123676,0.5797101449275363,0.3497536945812808,0.33980582524271846,0.8675496688741722,0.1743022643496577,0.4109090909090909,0.5084745762711864,0.21448863636363635
0027_2,0027,0.334841628959276,0.015019860973187686,0.01963004907512269,0.7439024390243902,0.3778501628664495,0.47146739130434784,0.6795774647887324,0.3811074918566775,0.4691151919866444,0.012804497189256714,0.09336972591834414,0.029898149162194722,0.5521235521235521,0.3854166666666667,0.4984848484848485,0.43410852713178294,1.0,0.2204433497536946,0.6600790513833992,0.5652173913043478,0.4738372093023256,0.42124542124542125,0.5,0.22753792298716452,0.6294964028776978,0.5963855421686747,0.6287425149700598,0.35335689045936397,0.5362318840579711,0.3013136288998358,0.3883495145631068,0.9072847682119205,0.17114270668773038,0.4690909090909091,0.5326876513317191,0.1690340909090909
0027_3,0027,0.48868778280542985,0.013157894736842105,0.01963004907512269,0.7317073170731707,0.44625407166123776,0.47282608695652173,0.7147887323943662,0.4364820846905538,0.5008347245409015,,,,0.5675675675675675,0.3819444444444444,0.43636363636363634,0.4883720930232558,0.9318181818181818,0.18780788177339902,0.6758893280632411,0.5144927536231884,0.40988372093023256,0.47985347985347987,0.6041666666666666,0.22695449241540255,0.8705035971223022,0.6626506024096386,0.7704590818363274,0.4664310954063604,0.6014492753623188,0.24753694581280788,0.40129449838187703,0.8178807947019867,0.1500789889415482,0.44727272727272727,0.4406779661016949,0.1396780303030303
0028_1,0028,0.3891402714932127,0.011916583912611719,0.015100037750094376,0.35365853658536583,0.254071661237785,0.21331521739130435,0.2992957746478873,0.254071661237785,0.15358931552587646,,,,0.30115830115830117,0.2986111111111111,0.3,0.34108527131782945,0.3116883116883117,0.019088669950738917,0.28063241106719367,0.2246376811594203,0.2369186046511628,0.3076923076923077,0.34375,0.012835472578763127,0.35251798561151076,0.3072289156626506,0.029940119760479042,0.28975265017667845,0.19927536231884058,0.05008210180623974,0.30097087378640774,0.39072847682119205,0.012111637704054766,0.3090909090909091,0.23486682808716708,0.0
0028_2,0028,0.2986425339366516,0.012413108242303872,0.013841701270919844,0.4024390243902439,0.2736156351791531,0.26766304347826086,0.3345070422535211,0.2703583061889251,0.15859766277128548,,,,0.30115830115830117,0.3333333333333333,0.31666666666666665,0.32170542635658916,0.29545454545454547,0.05726600985221675,0.2648221343873518,0.2971014492753623,0.29941860465116277,0.31868131868131866,0.3055555555555556,0.1423570595099183,0.3776978417266187,0.2740963855421687,0.021956087824351298,0.3003533568904594,0.2717391304347826,0.06609195402298851,0.32038834951456313,0.4370860927152318,0.02527646129541864,0.3236363636363636,0.22033898305084745,0.0004734848484848485
0029_1,0029,0.5248868778280543,0.016757696127110228,0.022901723920976468,0.4573170731707317,0.46905537459283386,0.3029891304347826,0.46830985915492956,0.5146579804560261,0.24040066777963273,,,,0.6756756756756757,0.4930555555555556,0.15151515151515152,0.624031007751938,0.6688311688311688,0.07389162561576355,0.45454545454545453,0.42028985507246375,0.44476744186046513,0.663003663003663,0.7083333333333334,0.16802800466744458,0.539568345323741,0.4457831325301205,0.25948103792415167,0.45936395759717313,0.5144927536231884,0.05993431855500821,0.4692556634304207,0.6225165562913907,0.11532385466034756,0.6436363636363637,0.5375302663438256,0.0790719696969697
0030_1,0030,0.8190045248868778,0.02246772591857001,0.0362400906002265,0.5823170731707317,0.6319218241042345,0.36820652173913043,0.5774647887323944,0.6384364820846905,0.3622704507512521,,,,0.637065637065637,0.7083333333333334,0.403030303030303,0.689922480620155,0.7207792207792207,0.13916256157635468,0.5533596837944664,0.5869565217391305,0.49273255813953487,0.7252747252747253,0.6111111111111112,0.14002333722287047,0.460431654676259,0.5602409638554217,0.22954091816367264,0.7102473498233216,0.6847826086956522,0.11206896551724138,0.6763754045307443,0.5894039735099338,0.18588730911005794,0.7054545454545454,0.5690072639225182,0.12357954545454546
0030_2,0030,0.19004524886877827,0.028798411122144985,0.04253177299609916,0.6463414634146342,0.6840390879478827,0.4633152173913043,0.5774647887323944,0.6123778501628665,0.3589315525876461,,,,0.61003861003861,0.6388888888888888,0.37575757575757573,0.7209302325581395,0.7207792207792207,0.16009852216748768,0.5059288537549407,0.5652173913043478,0.4738372093023256,0.6263736263736264,0.6180555555555556,0.18786464410735124,0.48201438848920863,0.5481927710843374,0.35528942115768464,0.7491166077738516,0.5579710144927537,0.16502463054187191,0.6051779935275081,0.6026490066225165,0.2027382833070037,0.6654545454545454,0.5641646489104116,0.1268939393939394
0031_1,0031,0.5882352941176471,0.01775074478649454,0.025921731470995343,0.4634146341463415,0.5211726384364821,0.422554347826087,0.5176056338028169,0.5211726384364821,0.3739565943238731,0.004372267332916927,0.08472648697827817,0.026247581498923082,0.6216216216216216,0.5208333333333334,0.2,0.627906976744186,0.461038961038961,0.17610837438423646,0.5177865612648221,0.5253623188405797,0.438953488372093,0.6007326007326007,0.4930555555555556,0.17327887981330223,0.539568345323741,0.4939759036144578,0.5109780439121756,0.5724381625441696,0.5144927536231884,0.11288998357963875,0.5663430420711975,0.5231788079470199,0.19852553975776724,0.6181818181818182,0.38256658595641646,0.12926136363636365
0031_2,0031,0.6515837104072398,0.020854021847070508,0.03296841575437272,0.5060975609756098,0.5146579804560261,0.3804347826086957,0.5316901408450704,0.5146579804560261,0.34390651085141904,0.004372267332916927,0.15273513021721824,0.04740262110758223,0.6061776061776062,0.6319444444444444,0.22424242424242424,0.6589147286821705,0.512987012987013,0.2019704433497537,0.525691699604743,0.5289855072463768,0.4418604651162791,0.6007326007326007,0.4965277777777778,0.20653442240373396,0.539568345323741,0.5421686746987951,0.6067864271457086,0.5159010600706714,0.45652173913043476,0.054187192118226604,0.5954692556634305,0.6556291390728477,0.18167456556082148,0.5636363636363636,0.4213075060532688,0.16287878787878787
0032_1,0032,0.4253393665158371,0.012413108242303872,0.009311689945891531,0.3871951219512195,0.41042345276872966,0.2391304347826087,0.41901408450704225,0.40390879478827363,0.1636060100166945,,,,0.5482625482625483,0.4375,0.16363636363636364,0.4844961240310077,0.37662337662337664,0.05972906403940887,0.45454545454545453,0.5144927536231884,0.09011627906976744,0.46153846153846156,0.4652777777777778,0.10093348891481914,0.2805755395683453,0.5903614457831325,0.1437125748502994,0.4381625441696113,0.532608695652174,0.06527093596059114,0.3851132686084142,0.4867549668874172,0.020537124802527645,0.3781818181818182,0.39951573849878935,0.15104166666666666
0032_2,0032,0.37104072398190047,0.01067527308838133,0.005536680508367938,0.40853658536585363,0.39087947882736157,0.22418478260869565,0.5,0.39087947882736157,0.24040066777963273,,,,0.6023166023166023,0.4201388888888889,0.2863636363636364,0.4883720930232558,0.44155844155844154,0.046798029556650245,0.48221343873517786,0.5905797101449275,0.14970930232558138,0.45787545787545786,0.5,0.073512252042007,0.4028776978417266,0.6445783132530121,0.2155688622754491,0.47703180212014135,0.5398550724637681,0.12274220032840723,0.3851132686084142,0.45695364238410596,0.03317535545023697,0.4254545454545455,0.4600484261501211,0.06202651515151515
0033_1,0033,0.6153846153846154,0.019116186693147963,0.03208758021895055,0.5,0.4820846905537459,0.30842391304347827,0.602112676056338,0.42671009771986973,0.2988313856427379,0.04840724547158026,0.004207892641874218,0.009436717409557186,0.528957528957529,0.5,0.26515151515151514,0.5038759689922481,0.5909090909090909,0.07635467980295567,0.40711462450592883,0.2753623188405797,0.38372093023255816,0.5567765567765568,0.4375,0.19661610268378063,0.6438848920863309,0.5,0.6966067864271457,0.392226148409894,0.4528985507246377,0.1301313628899836,0.4110032362459547,0.5298013245033113,0.11532385466034756,0.49818181818181817,0.5036319612590799,0.11505681818181818
0033_2,0033,0.5746606334841629,0.017130089374379345,0.023405058512646282,0.5274390243902439,0.4527687296416938,0.328804347826087,0.6197183098591549,0.44625407166123776,0.34390651085141904,,,,0.528957528957529,0.4930555555555556,0.3181818181818182,0.4573643410852713,0.564935064935065,0.08374384236453201,0.45454545454545453,0.4927536231884058,0.5174418604651163,0.46153846153846156,0.5347222222222222,0.2246207701283547,0.4172661870503597,0.4457831325301205,0.4151696606786427,0.4734982332155477,0.42028985507246375,0.16748768472906403,0.5016181229773463,0.6125827814569537,0.23222748815165878,0.4690909090909091,0.4019370460048426,0.05160984848484849
0034_1,0034,0.5158371040723982,0.015143992055610725,0.023656725808481188,0.676829268292683,0.511400651465798,0.6277173913043478,0.8345070422535211,0.495114006514658,0.6477462437395659,0.15178013741411617,0.011713863300352553,0.019384514291972403,0.6911196911196911,0.5972222222222222,0.5272727272727272,0.6046511627906976,0.7077922077922078,0.5394088669950738,0.6956521739130435,0.532608695652174,0.5479651162790697,0.575091575091575,0.7291666666666666,0.5647607934655776,0.6402877697841727,0.6506024096385542,0.7065868263473054,0.5653710247349824,0.5797101449275363,0.3784893267651888,0.5469255663430421,0.7218543046357616,0.29067930489731436,0.5272727272727272,0.513317191283293,0.6321022727272727
0034_2,0034,0.5972850678733032,0.01663356504468719,0.031710079275198186,0.7317073170731707,0.5472312703583062,0.6399456521739131,0.8133802816901409,0.5537459283387622,0.6143572621035058,0.003435352904434728,0.06004776526782668,0.017814770196765597,0.722007722007722,0.5902777777777778,0.5606060606060606,0.6434108527131783,0.7792207792207793,0.4408866995073892,0.7035573122529645,0.6123188405797102,0.6540697674418605,0.663003663003663,0.6666666666666666,0.4574095682613769,0.6402877697841727,0.6897590361445783,0.7265469061876247,0.5724381625441696,0.6123188405797102,0.4002463054187192,0.5663430420711975,0.7615894039735099,0.32385466034755134,0.610909090909091,0.5520581113801453,0.3380681818181818
0035_1,0035,0.4434389140271493,0.01452333664349553,0.013464200327167485,0.5060975609756098,0.46905537459283386,0.3451086956521739,0.5246478873239436,0.46905537459283386,0.34724540901502504,,,,0.637065637065637,0.5208333333333334,0.3803030303030303,0.5348837209302325,0.5,0.07389162561576355,0.6284584980237155,0.5289855072463768,0.438953488372093,0.5677655677655677,0.5069444444444444,0.21703617269544925,0.4784172661870504,0.49096385542168675,0.34930139720558884,0.5653710247349824,0.5217391304347826,0.3160919540229885,0.5210355987055016,0.47019867549668876,0.12374934175882044,0.5563636363636364,0.38256658595641646,0.09043560606060606
0035_2,0035,0.4298642533936652,0.014275074478649454,0.012205863847992953,0.5060975609756098,0.4755700325732899,0.422554347826087,0.5176056338028169,0.46905537459283386,0.4006677796327212,,,,0.667953667953668,0.5208333333333334,0.3181818181818182,0.5891472868217055,0.5584415584415584,0.25,0.5731225296442688,0.5797101449275363,0.3691860465116279,0.5164835164835165,0.5486111111111112,0.20070011668611434,0.539568345323741,0.4457831325301205,0.37924151696606784,0.5724381625441696,0.5688405797101449,0.10673234811165845,0.5080906148867314,0.46357615894039733,0.18272775144813058,0.5563636363636364,0.4213075060532688,0.10558712121212122
0036_1,0036,0.5294117647058824,0.016757696127110228,0.03397508493771234,0.5060975609756098,0.4169381107491857,0.24864130434782608,0.6373239436619719,0.4169381107491857,0.3071786310517529,,,,0.4247104247104247,0.4166666666666667,0.296969696969697,0.4728682170542636,0.6168831168831169,0.16133004926108374,0.45454545454545453,0.41304347826086957,0.32558139534883723,0.45787545787545786,0.6840277777777778,0.1971995332555426,0.3669064748201439,0.5903614457831325,0.6387225548902196,0.4028268551236749,0.39855072463768115,0.07389162561576355,0.4174757281553398,0.6788079470198676,0.11901000526592943,0.44727272727272727,0.5544794188861986,0.11789772727272728
0037_1,0037,,,,0.5823170731707317,0.4560260586319218,0.391304347826087,0.5950704225352113,0.4364820846905538,0.37061769616026713,,,,0.3745173745173745,0.4513888888888889,0.4984848484848485,0.5116279069767442,0.6525974025974026,0.2857142857142857,0.33201581027667987,0.34782608695652173,0.42441860465116277,0.47985347985347987,0.5277777777777778,0.3862310385064177,0.3597122302158273,0.4879518072289157,0.562874251497006,0.4134275618374558,0.4782608695652174,0.21428571428571427,0.44660194174757284,0.5827814569536424,0.15850447604002108,0.4618181818181818,0.4745762711864407,0.15056818181818182
0037_2,0037,,,,0.6219512195121951,0.48859934853420195,0.4904891304347826,0.6549295774647887,0.46905537459283386,0.49081803005008345,,,,0.42857142857142855,0.4722222222222222,0.5575757575757576,0.5736434108527132,0.6493506493506493,0.23522167487684728,0.383399209486166,0.4057971014492754,0.46656976744186046,0.47985347985347987,0.5034722222222222,0.33430571761960326,0.4172661870503597,0.5481927710843374,0.5868263473053892,0.49469964664310956,0.5072463768115942,0.26436781609195403,0.4886731391585761,0.5629139072847682,0.21642969984202212,0.5709090909090909,0.5278450363196125,0.14535984848484848
0038_1,0038,0.497737556561086,0.01464746772591857,0.020385050962627407,0.3597560975609756,0.3583061889250814,0.20516304347826086,0.35563380281690143,0.38436482084690554,0.1285475792988314,0.10087445346658339,0.02047082906857728,0.7965173584492389,0.3745173745173745,0.4236111111111111,0.24242424242424243,0.40310077519379844,0.3961038961038961,0.0665024630541872,0.3201581027667984,0.38405797101449274,0.23255813953488372,0.43956043956043955,0.3194444444444444,0.073512252042007,0.4244604316546763,0.3253012048192771,0.17365269461077845,0.43109540636042404,0.32608695652173914,0.053366174055829226,0.3656957928802589,0.33774834437086093,0.036334913112164295,0.38545454545454544,0.2929782082324455,0.10464015151515152
0038_2,0038,0.5520361990950227,0.01663356504468719,0.02692840065433497,0.39634146341463417,0.39087947882736157,0.21603260869565216,0.3732394366197183,0.3811074918566775,0.1419031719532554,0.11711430356027483,0.02274536563175253,0.032909867484393826,0.36293436293436293,0.3819444444444444,0.2515151515151515,0.44573643410852715,0.37337662337662336,0.046182266009852216,0.3359683794466403,0.4057971014492754,0.2877906976744186,0.41025641025641024,0.3645833333333333,0.11901983663943991,0.4028776978417266,0.32831325301204817,0.249500998003992,0.42402826855123676,0.36231884057971014,0.08456486042692939,0.3786407766990291,0.33774834437086093,0.06055818852027383,0.4509090909090909,0.3341404358353511,0.14015151515151514
0039_1,0039,0.5248868778280543,0.015888778550148957,0.021014219202214673,0.5365853658536586,0.3583061889250814,0.264945652173913,0.4964788732394366,0.3778501628664495,0.25375626043405675,0.11211742660836976,0.018082565677243263,0.021465337860037237,0.5019305019305019,0.4270833333333333,0.3712121212121212,0.47674418604651164,0.5909090909090909,0.12315270935960591,0.6363636363636364,0.44565217391304346,0.19186046511627908,0.4249084249084249,0.46875,0.03150525087514586,0.4172661870503597,0.42168674698795183,0.43912175648702595,0.45936395759717313,0.4855072463768116,0.09359605911330049,0.34627831715210355,0.5629139072847682,0.09426013691416535,0.3709090909090909,0.42857142857142855,0.15672348484848486
0039_2,0039,0.49321266968325794,0.017254220456802385,0.02126588649804958,0.5792682926829268,0.39087947882736157,0.31929347826086957,0.5035211267605634,0.36482084690553745,0.2604340567612688,,,,0.49034749034749037,0.4027777777777778,0.30303030303030304,0.4496124031007752,0.5551948051948052,0.05726600985221675,0.6284584980237155,0.463768115942029,0.19476744186046513,0.4358974358974359,0.4791666666666667,0.14060676779463244,0.4028776978417266,0.42771084337349397,0.43912175648702595,0.43109540636042404,0.4927536231884058,0.0755336617405583,0.3818770226537217,0.5132450331125827,0.06687730384412849,0.36727272727272725,0.48426150121065376,0.08664772727272728
0040_1,0040,0.2081447963800905,0.009185700099304866,0.009060022650056626,0.43902439024390244,0.2996742671009772,0.19701086956521738,0.6654929577464789,0.2996742671009772,0.19365609348914858,0.013741411617738912,0.025474809507562833,0.026430109882086664,0.47104247104247104,0.3715277777777778,0.16818181818181818,0.40310077519379844,0.34415584415584416,0.16379310344827586,0.383399209486166,0.43478260869565216,0.14825581395348839,0.3992673992673993,0.3819444444444444,0.07117852975495916,0.3237410071942446,0.5873493975903614,0.5109780439121756,0.3710247349823322,0.32971014492753625,0.08251231527093596,0.33980582524271846,0.31125827814569534,0.06898367561874671,0.38181818181818183,0.4406779661016949,0.10748106060606061
0040_2,0040,0.19004524886877827,0.00893743793445879,0.009563357241726437,0.5823170731707317,0.28664495114006516,0.22418478260869565,0.5246478873239436,0.31921824104234525,0.20534223706176963,0.13226108682073703,0.02354145342886387,0.036961997590625344,0.5752895752895753,0.3333333333333333,0.25757575757575757,0.38372093023255816,0.4512987012987013,0.08928571428571429,0.42292490118577075,0.41304347826086957,0.20930232558139536,0.39194139194139194,0.3263888888888889,0.08401400233372229,0.26618705035971224,0.5843373493975904,0.5189620758483033,0.3250883392226148,0.22826086956521738,0.10755336617405582,0.4110032362459547,0.31788079470198677,0.07530279094260137,0.3527272727272727,0.3559322033898305,0.06628787878787878
0041_1,0041,0.4343891402714932,0.012413108242303872,0.01937838177928778,0.35365853658536583,0.3127035830618892,0.26222826086956524,0.4225352112676056,0.3517915309446254,0.2904841402337229,,,,0.4749034749034749,0.4027777777777778,0.46060606060606063,0.3992248062015504,0.33766233766233766,0.0874384236453202,0.44664031620553357,0.39855072463768115,0.3633720930232558,0.4139194139194139,0.4305555555555556,0.14469078179696615,0.4028776978417266,0.3433734939759036,0.2754491017964072,0.392226148409894,0.38768115942028986,0.11494252873563218,0.34951456310679613,0.2947019867549669,0.0631911532385466,0.37454545454545457,0.2784503631961259,0.08191287878787878
0041_2,0041,0.4253393665158371,0.012288977159880834,0.021140052850132124,0.3719512195121951,0.3517915309446254,0.24864130434782608,0.4014084507042254,0.3583061889250814,0.31886477462437396,,,,0.4749034749034749,0.3888888888888889,0.46060606060606063,0.3953488372093023,0.34415584415584416,0.05295566502463054,0.43873517786561267,0.463768115942029,0.4186046511627907,0.45054945054945056,0.4270833333333333,0.220536756126021,0.4244604316546763,0.3855421686746988,0.3712574850299401,0.4134275618374558,0.38405797101449274,0.12110016420361248,0.3818770226537217,0.3443708609271523,0.1253291205897841,0.4109090909090909,0.324455205811138,0.06486742424242424
0042_1,0042,0.4479638009049774,0.01775074478649454,0.023405058512646282,0.39634146341463417,0.48859934853420195,0.4116847826086957,0.46830985915492956,0.50814332247557,0.5025041736227045,0.003435352904434728,0.016035482770385533,0.003504544956740773,0.5907335907335908,0.5069444444444444,0.48787878787878786,0.5736434108527132,0.42207792207792205,0.1206896551724138,0.5573122529644269,0.5253623188405797,0.4113372093023256,0.5604395604395604,0.4444444444444444,0.23162193698949826,0.4892086330935252,0.3704819277108434,0.25349301397205587,0.5547703180212014,0.5181159420289855,0.20607553366174056,0.4627831715210356,0.46357615894039733,0.1848341232227488,0.5345454545454545,0.31476997578692495,0.16051136363636365
0042_2,0042,0.5520361990950227,0.01564051638530288,0.022775890273059016,0.47865853658536583,0.4527687296416938,0.44565217391304346,0.5035211267605634,0.4723127035830619,0.4357262103505843,0.0035915053091817614,0.024394404640054587,0.007228123973277845,0.5907335907335908,0.4513888888888889,0.5181818181818182,0.5271317829457365,0.44155844155844154,0.11945812807881774,0.5731225296442688,0.5289855072463768,0.4331395348837209,0.4908424908424908,0.4513888888888889,0.23570595099183198,0.4568345323741007,0.42771084337349397,0.3912175648702595,0.4840989399293286,0.4855072463768116,0.2413793103448276,0.44336569579288027,0.4337748344370861,0.30858346498156924,0.5127272727272727,0.324455205811138,0.23910984848484848
0043_1,0043,0.39819004524886875,0.01464746772591857,0.020259217314709952,0.24390243902439024,0.32247557003257327,0.2608695652173913,0.2640845070422535,0.3127035830618892,0.19532554257095158,0.07526545908806996,0.018764926646195838,0.028328405066987916,0.416988416988417,0.2569444444444444,0.06212121212121212,0.3023255813953488,0.2077922077922078,0.0874384236453202,0.3359683794466403,0.34057971014492755,0.35174418604651164,0.326007326007326,0.2986111111111111,0.11260210035005834,0.27697841726618705,0.25,0.2634730538922156,0.303886925795053,0.3333333333333333,0.05582922824302135,0.2815533980582524,0.26490066225165565,0.09741969457609267,0.3236363636363636,0.17433414043583534,0.10653409090909091
0043_2,0043,0.2081447963800905,0.041211519364448855,0.040266767333585,0.24390243902439024,0.30944625407166126,0.28396739130434784,0.27816901408450706,0.30618892508143325,0.2570951585976628,0.0924422236102436,0.04116911179347208,0.04658124338334611,0.3938223938223938,0.2951388888888889,0.11666666666666667,0.32945736434108525,0.20454545454545456,0.0665024630541872,0.3359683794466403,0.36231884057971014,0.3633720930232558,0.326007326007326,0.2777777777777778,0.08168028004667445,0.27697841726618705,0.2469879518072289,0.2435129740518962,0.3286219081272085,0.32608695652173914,0.08169129720853859,0.30097087378640774,0.24503311258278146,0.061611374407582936,0.3090909090909091,0.15980629539951574,0.06392045454545454
0044_1,0044,0.5248868778280543,0.017130089374379345,0.02655089971058261,0.4878048780487805,0.5667752442996743,0.30434782608695654,0.5035211267605634,0.5602605863192183,0.20701168614357263,,,,0.528957528957529,0.5625,0.15151515151515152,0.6511627906976745,0.6233766233766234,0.13793103448275862,0.4308300395256917,0.5217391304347826,0.39825581395348836,0.5604395604395604,0.5208333333333334,0.1645274212368728,0.4172661870503597,0.5903614457831325,0.3872255489021956,0.6148409893992933,0.4673913043478261,0.04597701149425287,0.5080906148867314,0.5562913907284768,0.119536598209584,0.5927272727272728,0.513317191283293,0.10085227272727272
0044_2,0044,0.5248868778280543,0.017130089374379345,0.02617339876683025,0.5426829268292683,0.5602605863192183,0.3328804347826087,0.6514084507042254,0.5570032573289903,0.328881469115192,,,,0.5714285714285714,0.5694444444444444,0.2106060606060606,0.6550387596899225,0.5746753246753247,0.1206896551724138,0.44664031620553357,0.6304347826086957,0.42441860465116277,0.5347985347985348,0.5868055555555556,0.1371061843640607,0.4892086330935252,0.6506024096385542,0.37524950099800397,0.6289752650176679,0.41304347826086957,0.041050903119868636,0.4919093851132686,0.4304635761589404,0.11743022643496577,0.5636363636363636,0.4552058111380145,0.06297348484848485
0045_1,0045,0.5972850678733032,0.0176266137040715,0.02617339876683025,0.4573170731707317,0.41042345276872966,0.33016304347826086,0.6091549295774648,0.41042345276872966,0.37061769616026713,0.16770768269831354,0.03934948254293188,0.13503449786441793,0.5212355212355212,0.4444444444444444,0.30606060606060603,0.4806201550387597,0.5292207792207793,0.25738916256157635,0.6126482213438735,0.5144927536231884,0.3488372093023256,0.5128205128205128,0.3819444444444444,0.12193698949824971,0.38848920863309355,0.4879518072289157,0.6107784431137725,0.45229681978798586,0.4492753623188406,0.11247947454844007,0.4174757281553398,0.5331125827814569,0.08162190626645603,0.44727272727272727,0.3196125907990315,0.07054924242424243
0045_2,0045,0.6334841628959276,0.026688182720953326,0.03636592424814395,0.4024390243902439,0.4169381107491857,0.3138586956521739,0.5528169014084507,0.4364820846905538,0.3105175292153589,0.12273579013116802,0.04469464346639372,0.02858394480341693,0.5637065637065637,0.4479166666666667,0.3409090909090909,0.5116279069767442,0.4025974025974026,0.08990147783251232,0.7312252964426877,0.5289855072463768,0.4186046511627907,0.5164835164835165,0.3402777777777778,0.17969661610268378,0.34532374100719426,0.46987951807228917,0.41916167664670656,0.48056537102473496,0.42028985507246375,0.138752052545156,0.44336569579288027,0.4900662251655629,0.07424960505529225,0.4618181818181818,0.3559322033898305,0.1240530303030303
0045_3,0045,0.6334841628959276,0.020605759682224428,0.03548508871272178,0.4024390243902439,0.44299674267100975,0.30027173913043476,0.4894366197183099,0.43322475570032576,0.3656093489148581,,,,0.5521235521235521,0.4652777777777778,0.2863636363636364,0.5426356589147286,0.43506493506493504,0.12253694581280788,0.541501976284585,0.4855072463768116,0.42441860465116277,0.4945054945054945,0.3819444444444444,0.11901983663943991,0.3597122302158273,0.39759036144578314,0.40718562874251496,0.45229681978798586,0.42028985507246375,0.11986863711001643,0.4627831715210356,0.47019867549668876,0.12164296998420221,0.5054545454545455,0.3583535108958838,0.14535984848484848
0046_1,0046,0.38009049773755654,0.016881827209533268,0.019126714483452874,0.5060975609756098,0.3583061889250814,0.23777173913043478,0.5246478873239436,0.3517915309446254,0.18030050083472454,,,,0.4864864864864865,0.3472222222222222,0.3,0.40310077519379844,0.487012987012987,0.11822660098522167,0.45454545454545453,0.4057971014492754,0.3226744186046512,0.4139194139194139,0.6319444444444444,0.09568261376896149,0.43884892086330934,0.5180722891566265,0.23552894211576847,0.4204946996466431,0.4528985507246377,0.10632183908045977,0.4174757281553398,0.7417218543046358,0.1358609794628752,0.37454545454545457,0.4188861985472155,0.09801136363636363
0046_2,0046,0.18099547511312217,0.02159880834160874,0.02982257455643639,0.524390243902439,0.3257328990228013,0.2391304347826087,0.5035211267605634,0.33876221498371334,0.19031719532554256,,,,0.5057915057915058,0.3368055555555556,0.3378787878787879,0.4186046511627907,0.4642857142857143,0.08066502463054187,0.4505928853754941,0.38768115942028986,0.3226744186046512,0.3626373626373626,0.6527777777777778,0.12718786464410736,0.4676258992805755,0.5120481927710844,0.24750499001996007,0.38869257950530034,0.4420289855072464,0.138752052545156,0.39805825242718446,0.6423841059602649,0.08583464981569247,0.4109090909090909,0.4116222760290557,0.047821969696969696
0047_1,0047,0.6832579185520362,0.01849553128103277,0.030829243739776017,0.6463414634146342,0.4495114006514658,0.42527173913043476,0.6936619718309859,0.4495114006514658,0.39398998330550916,0.09931292941911306,0.0255885363357216,0.2367758186397985,0.6525096525096525,0.4652777777777778,0.42727272727272725,0.5193798449612403,0.7272727272727273,0.5689655172413793,0.6600790513833992,0.6811594202898551,0.3691860465116279,0.5457875457875457,0.5694444444444444,0.7654609101516919,0.5827338129496403,0.5120481927710844,0.5808383233532934,0.45936395759717313,0.6594202898550725,0.23316912972085385,0.44660194174757284,0.5596026490066225,0.41706161137440756,0.52,0.42857142857142855,0.2708333333333333
0047_2,0047,0.583710407239819,0.01787487586891758,0.026802567006417515,0.6524390243902439,0.43973941368078173,0.43342391304347827,0.7147887323943662,0.4592833876221498,0.38898163606010017,0.004684572142410993,0.06101444330717616,0.018052057094878254,0.6833976833976834,0.4722222222222222,0.4303030303030303,0.5348837209302325,0.6558441558441559,0.5584975369458128,0.6600790513833992,0.7971014492753623,0.27906976744186046,0.5091575091575091,0.6527777777777778,0.8564760793465578,0.5899280575539568,0.572289156626506,0.590818363273453,0.49469964664310956,0.6376811594202898,0.2372742200328407,0.42718446601941745,0.5496688741721855,0.4365455502896261,0.4727272727272727,0.4600484261501211,0.7537878787878788
0048_1,0048,0.23529411764705882,0.012909632571996028,0.020888385554297218,0.3170731707317073,0.41042345276872966,0.24864130434782608,0.3873239436619718,0.31596091205211724,0.15692821368948248,0.004372267332916927,0.036278858182645285,0.01120724272624393,0.4247104247104247,0.3368055555555556,0.32272727272727275,0.3488372093023256,0.35714285714285715,0.06527093596059114,0.391304347826087,0.463768115942029,0.3023255813953488,0.45054945054945056,0.3541666666666667,0.047257876312718786,0.3669064748201439,0.3493975903614458,0.06387225548902195,0.45229681978798586,0.34057971014492755,0.08784893267651889,0.313915857605178,0.47019867549668876,0.031068983675618746,0.3381818181818182,0.30024213075060535,0.04498106060606061
0048_2,0048,0.18099547511312217,0.016881827209533268,0.01686170882093872,0.31097560975609756,0.3127035830618892,0.21603260869565216,0.35563380281690143,0.3127035830618892,0.16026711185308848,,,,0.4247104247104247,0.3090277777777778,0.3575757575757576,0.4108527131782946,0.4090909090909091,0.06403940886699508,0.35968379446640314,0.35507246376811596,0.25726744186046513,0.34065934065934067,0.3819444444444444,0.07117852975495916,0.3669064748201439,0.3463855421686747,0.08183632734530938,0.3462897526501767,0.34782608695652173,0.08702791461412152,0.32038834951456313,0.46357615894039733,0.06582411795681938,0.33090909090909093,0.30024213075060535,0.030776515151515152
0049_1,0049,0.6923076923076923,0.019240317775571003,0.03850509626274066,0.7926829268292683,0.6970684039087948,0.5394021739130435,0.9119718309859155,0.7752442996742671,0.6310517529215359,,,,0.9459459459459459,0.8263888888888888,0.6,0.9302325581395349,0.9415584415584416,0.3472906403940887,0.8300395256916996,1.0,0.7863372093023255,0.8901098901098901,0.7361111111111112,0.367561260210035,1.0,0.6807228915662651,0.6027944111776448,0.7915194346289752,0.8985507246376812,0.22742200328407225,0.8317152103559871,0.8079470198675497,0.2817272248551869,0.88,0.4915254237288136,0.19223484848484848
0049_2,0049,0.6787330316742082,0.024577954319761668,0.04983012457531144,0.7987804878048781,0.7166123778501629,0.53125,0.9119718309859155,0.7361563517915309,0.6243739565943238,,,,0.918918918918919,0.8506944444444444,0.6454545454545455,0.9302325581395349,0.8441558441558441,0.33497536945812806,0.8616600790513834,0.8985507246376812,0.8255813953488372,0.8681318681318682,0.7916666666666666,0.36989498249708286,0.8273381294964028,0.7530120481927711,0.6866267465069861,0.8939929328621908,0.967391304347826,0.2569786535303777,0.7734627831715211,0.7814569536423841,0.2711953659820958,0.9272727272727272,0.5326876513317191,0.203125
0050_1,0050,0.06334841628959276,0.0019860973187686196,0.014093368566754751,0.036585365853658534,0.05211726384364821,0.0,0.03873239436619718,0.06514657980456026,0.01001669449081803,,,,0.05791505791505792,0.0763888888888889,0.30454545454545456,0.05813953488372093,0.04220779220779221,0.09421182266009852,0.043478260869565216,0.025362318840579712,0.1744186046511628,0.06227106227106227,0.04861111111111111,0.3080513418903151,0.02877697841726619,0.024096385542168676,0.3033932135728543,0.0812720848056537,0.050724637681159424,0.1839080459770115,0.08090614886731391,0.046357615894039736,0.6492890995260664,0.07636363636363637,0.0387409200968523,0.054450757575757576
0051_1,0051,0.3438914027149321,0.010178748758689175,0.009815024537561345,0.4146341463414634,0.40390879478827363,0.19972826086956522,0.5669014084507042,0.4592833876221498,0.21202003338898165,,,,0.4594594594594595,0.4583333333333333,0.1606060606060606,0.49612403100775193,0.5681818181818182,0.07142857142857142,0.43478260869565216,0.3804347826086957,0.0,0.38461538461538464,0.6527777777777778,0.047841306884480746,0.42805755395683454,0.5391566265060241,0.24151696606786427,0.4204946996466431,0.4673913043478261,0.04926108374384237,0.5145631067961165,0.6423841059602649,0.08478146392838336,0.49818181818181817,0.46973365617433416,0.052083333333333336
0051_2,0051,0.3031674208144796,0.01079940417080437,0.009940858185478798,0.4146341463414634,0.41042345276872966,0.19157608695652173,0.6302816901408451,0.44299674267100975,0.21368948247078465,,,,0.38223938223938225,0.4652777777777778,0.12424242424242424,0.49612403100775193,0.5064935064935064,0.06280788177339902,0.3675889328063241,0.5652173913043478,0.125,0.5091575091575091,0.5416666666666666,0.07934655775962661,0.45323741007194246,0.5963855421686747,0.32335329341317365,0.4381625441696113,0.5072463768115942,0.055008210180623976,0.4563106796116505,0.6291390728476821,0.08478146392838336,0.4254545454545455,0.4648910411622276,0.01278409090909091
0051_3,0051,0.3438914027149321,0.012040714995034757,0.010444192777148609,0.5396341463414634,0.4755700325732899,0.3016304347826087,0.5316901408450704,0.42996742671009774,0.18363939899833054,0.05746408494690818,0.008529512111907198,0.011973861935530974,0.4671814671814672,0.4618055555555556,0.1893939393939394,0.5426356589147286,0.564935064935065,0.15886699507389163,0.43873517786561267,0.5144927536231884,0.1308139534883721,0.5091575091575091,0.6597222222222222,0.21236872812135357,0.460431654676259,0.6204819277108434,0.32934131736526945,0.4452296819787986,0.463768115942029,0.05870279146141215,0.5145631067961165,0.5662251655629139,0.03528172722485519,0.49454545454545457,0.5084745762711864,0.06628787878787878
0052_1,0052,0.4253393665158371,0.017130089374379345,0.022901723920976468,0.5975609756097561,0.5602605863192183,0.3491847826086957,0.5915492957746479,0.5765472312703583,0.2921535893155259,0.00655840099937539,0.05720459456385761,0.018471872376154493,0.7915057915057915,0.7708333333333334,0.2787878787878788,0.751937984496124,0.8051948051948052,0.1724137931034483,0.4624505928853755,0.9130434782608695,0.2703488372093023,0.7362637362637363,0.7986111111111112,0.17736289381563594,0.4460431654676259,0.9548192771084337,0.4171656686626746,0.5335689045936396,0.391304347826087,0.05870279146141215,0.6213592233009708,0.8642384105960265,0.19378620326487625,0.6981818181818182,0.6585956416464891,0.13115530303030304
0052_2,0052,0.24434389140271492,0.039846077457795434,0.03322008305020763,0.6524390243902439,0.6123778501628665,0.35733695652173914,0.6161971830985915,0.6579804560260586,0.31385642737896496,0.00655840099937539,0.048788809280109174,0.014310225240024824,0.861003861003861,0.7013888888888888,0.31212121212121213,0.7713178294573644,0.9512987012987013,0.19827586206896552,0.549407114624506,0.9855072463768116,0.33430232558139533,0.7289377289377289,0.8541666666666666,0.22753792298716452,0.4172661870503597,0.7048192771084337,0.33532934131736525,0.7385159010600707,0.39492753623188404,0.06403940886699508,0.5954692556634305,0.804635761589404,0.11743022643496577,0.6945454545454546,0.6924939467312349,0.15104166666666666
0053_1,0053,0.45248868778280543,0.017254220456802385,0.025166729583490626,0.6036585365853658,0.6188925081433225,0.4008152173913043,0.6936619718309859,0.6188925081433225,0.34724540901502504,,,,0.42857142857142855,0.5277777777777778,0.2727272727272727,0.7209302325581395,0.8246753246753247,0.1810344827586207,0.383399209486166,0.34782608695652173,0.46511627906976744,0.6886446886446886,0.5486111111111112,0.19136522753792298,0.48201438848920863,0.4939759036144578,0.6387225548902196,0.5724381625441696,0.4528985507246377,0.23809523809523808,0.6245954692556634,0.5231788079470199,0.08162190626645603,0.6763636363636364,0.4213075060532688,0.12121212121212122
0053_2,0053,0.45248868778280543,0.016881827209533268,0.022901723920976468,0.6036585365853658,0.6254071661237784,0.44157608695652173,0.6936619718309859,0.6188925081433225,0.34724540901502504,,,,0.42857142857142855,0.5277777777777778,0.2727272727272727,0.7209302325581395,0.6168831168831169,0.14285714285714285,0.391304347826087,0.35507246376811596,0.5581395348837209,0.6923076923076923,0.7708333333333334,0.19136522753792298,0.48201438848920863,0.4939759036144578,0.5748502994011976,0.6855123674911661,0.572463768115942,0.09359605911330049,0.6245954692556634,0.5231788079470199,0.14902580305423907,0.5636363636363636,0.38256658595641646,0.09895833333333333
0054_1,0054,0.2895927601809955,0.012164846077457795,0.029696740908518936,0.3323170731707317,0.3550488599348534,0.3342391304347826,0.4119718309859155,0.3257328990228013,0.3672787979966611,0.0039038101186758276,0.04503582395087001,0.0129230095279816,0.43243243243243246,0.3645833333333333,0.6090909090909091,0.3875968992248062,0.33766233766233766,0.10591133004926108,0.4150197628458498,0.37318840579710144,0.5290697674418605,0.4065934065934066,0.375,0.25495915985997664,0.381294964028777,0.32228915662650603,0.5129740518962076,0.36042402826855124,0.358695652173913,0.28981937602627256,0.37216828478964403,0.3576158940397351,0.2459189046866772,0.41818181818181815,0.2469733656174334,0.15956439393939395
0055_1,0055,0.38009049773755654,0.010923535253227408,0.02692840065433497,0.40853658536585363,0.20195439739413681,0.6073369565217391,0.4119718309859155,0.1563517915309446,1.0,0.004372267332916927,0.05197316046855453,0.015095097287628227,0.3667953667953668,0.1875,0.8303030303030303,0.16279069767441862,0.35714285714285715,1.0,0.2964426877470356,0.26811594202898553,0.9883720930232558,0.16483516483516483,0.3819444444444444,0.9393232205367561,0.4244604316546763,0.30120481927710846,0.5588822355289421,0.17667844522968199,0.2826086956521739,1.0,0.15857605177993528,0.36423841059602646,1.0,0.20727272727272728,0.3050847457627119,0.6586174242424242
0055_2,0055,0.38009049773755654,0.010923535253227408,0.020888385554297218,0.31097560975609756,0.1563517915309446,0.5964673913043478,0.35563380281690143,0.1563517915309446,0.7746243739565943,0.004372267332916927,0.03650631183896281,0.010112072427262439,0.305019305019305,0.1388888888888889,0.7333333333333333,0.16279069767441862,0.3051948051948052,0.9507389162561576,0.2648221343873518,0.2391304347826087,1.0,0.16483516483516483,0.3194444444444444,1.0,0.3669064748201439,0.27710843373493976,0.5748502994011976,0.17667844522968199,0.2826086956521739,0.7073070607553367,0.15857605177993528,0.31125827814569534,0.6956292785676672,0.18181818181818182,0.24455205811138014,1.0
0056_1,0056,0.5972850678733032,0.016881827209533268,0.022272555681389205,0.5396341463414634,0.6156351791530945,0.3858695652173913,0.5809859154929577,0.6742671009771987,0.38564273789649417,,,,0.7065637065637066,0.6319444444444444,0.3606060606060606,0.627906976744186,0.6103896103896104,0.07142857142857142,0.6047430830039525,0.5398550724637681,0.4127906976744186,0.6153846153846154,0.6527777777777778,0.0822637106184364,0.6258992805755396,0.5843373493975904,0.6506986027944112,0.5971731448763251,0.6739130434782609,0.03284072249589491,0.5145631067961165,0.6556291390728477,0.034228541337546076,0.6036363636363636,0.49878934624697335,0.06060606060606061
0056_2,0056,0.6063348416289592,0.019364448857994043,0.025166729583490626,0.5304878048780488,0.6482084690553745,0.3736413043478261,0.6091549295774648,0.6775244299674267,0.3672787979966611,0.07620237351655215,0.02411008756965768,0.019165480232176103,0.7837837837837838,0.625,0.30606060606060603,0.7054263565891473,0.5974025974025974,0.06280788177339902,0.6126482213438735,0.6014492753623188,0.38372093023255816,0.684981684981685,0.6770833333333334,0.12135355892648775,0.6115107913669064,0.5783132530120482,0.6506986027944112,0.5901060070671378,0.6811594202898551,0.032430213464696225,0.4174757281553398,0.6225165562913907,0.018430753027909426,0.6,0.4067796610169492,0.06013257575757576
0057_1,0057,0.669683257918552,0.019860973187686197,0.03296841575437272,0.5548780487804879,0.5276872964169381,0.46603260869565216,0.6936619718309859,0.5732899022801303,0.48080133555926546,0.004372267332916927,0.031161150915500965,0.008396305625524769,0.7374517374517374,0.6666666666666666,0.45454545454545453,0.6046511627906976,0.564935064935065,0.15270935960591134,0.6442687747035574,0.6739130434782609,0.37209302325581395,0.6336996336996337,0.6597222222222222,0.14585764294049008,0.6546762589928058,0.6626506024096386,0.6387225548902196,0.5724381625441696,0.7463768115942029,0.11330049261083744,0.5728155339805825,1.0,0.18272775144813058,0.5636363636363636,0.4213075060532688,0.08380681818181818
0057_2,0057,0.8144796380090498,0.019860973187686197,0.03800176167107085,0.5548780487804879,0.5732899022801303,0.422554347826087,0.6373239436619719,0.5732899022801303,0.4273789649415693,0.004372267332916927,0.0736949846468782,0.02325411601504034,0.7992277992277992,0.5833333333333334,0.44242424242424244,0.5968992248062015,0.564935064935065,0.17733990147783252,0.7707509881422925,0.7028985507246377,0.3488372093023256,0.6336996336996337,0.6597222222222222,0.18319719953325556,0.7697841726618705,0.6867469879518072,0.7345309381237525,0.5724381625441696,0.6884057971014492,0.13957307060755336,0.5728155339805825,0.7880794701986755,0.16587677725118483,0.5636363636363636,0.4213075060532688,0.08380681818181818
0058_1,0058,0.4479638009049774,0.012909632571996028,0.026047565118912798,0.27439024390243905,0.3355048859934853,0.2513586956521739,0.3415492957746479,0.33876221498371334,0.20868113522537562,0.08931917551530294,0.02229045831911748,0.16646588544518673,0.3667953667953668,0.2916666666666667,0.3378787878787879,0.3488372093023256,0.2987012987012987,0.29310344827586204,0.35968379446640314,0.3188405797101449,0.4069767441860465,0.34065934065934067,0.3333333333333333,0.294049008168028,0.3237410071942446,0.30120481927710846,0.3313373253493014,0.3392226148409894,0.2971014492753623,0.12397372742200329,0.343042071197411,0.2980132450331126,0.15850447604002108,0.32,0.19854721549636803,0.0771780303030303
0058_2,0058,0.19909502262443438,0.016881827209533268,0.02466339499182081,0.2804878048780488,0.3127035830618892,0.25679347826086957,0.31338028169014087,0.3127035830618892,0.28046744574290483,,,,0.35135135135135137,0.2916666666666667,0.3484848484848485,0.3488372093023256,0.2727272727272727,0.19458128078817735,0.35177865612648224,0.3007246376811594,0.45930232558139533,0.36996336996337,0.2916666666666667,0.1528588098016336,0.3237410071942446,0.26506024096385544,0.24750499001996007,0.3392226148409894,0.30434782608695654,0.1469622331691297,0.3074433656957929,0.27483443708609273,0.32754081095313325,0.33090909090909093,0.19854721549636803,0.09185606060606061
0059_1,0059,0.5475113122171946,0.016012909632571997,0.027180067950169876,0.8048780487804879,0.3517915309446254,0.39809782608695654,0.8204225352112676,0.3778501628664495,0.37061769616026713,,,,0.5212355212355212,0.2916666666666667,0.36666666666666664,0.3798449612403101,0.9155844155844156,0.15517241379310345,0.5138339920948617,0.39492753623188404,0.3866279069767442,0.31868131868131866,0.9722222222222222,0.31505250875145857,0.7589928057553957,0.7228915662650602,0.7225548902195609,0.3992932862190813,0.4746376811594203,0.4425287356321839,0.32038834951456313,0.8940397350993378,0.19273301737756715,0.3527272727272727,0.711864406779661,0.17566287878787878
0059_2,0059,0.46153846153846156,0.015392254220456803,0.024160060400151,0.8475609756097561,0.3127035830618892,0.4375,0.7711267605633803,0.3322475570032573,0.333889816360601,0.3088694565896315,0.025474809507562833,0.2499178622275764,0.4517374517374517,0.2847222222222222,0.32727272727272727,0.32558139534883723,0.9675324675324676,0.29064039408866993,0.4980237154150198,0.37318840579710144,0.37790697674418605,0.3553113553113553,0.9375,0.7234539089848308,0.8057553956834532,0.6746987951807228,0.8343313373253493,0.31095406360424027,0.43478260869565216,0.16420361247947454,0.3074433656957929,0.9105960264900662,0.2037914691943128,0.33090909090909093,0.7941888619854721,0.2760416666666667
0060_1,0060,0.5294117647058824,0.01266137040714995,0.02176922108971939,0.4054878048780488,0.40716612377850164,0.34103260869565216,0.38380281690140844,0.3973941368078176,0.3105175292153589,0.0018738288569643974,0.09120891618332765,0.028291899390355202,0.525096525096525,0.4305555555555556,0.2545454545454545,0.4728682170542636,0.7597402597402597,0.17610837438423646,0.4308300395256917,0.42028985507246375,0.5552325581395349,0.47619047619047616,0.3611111111111111,0.17152858809801633,0.41007194244604317,0.3373493975903614,0.4311377245508982,0.45229681978798586,0.4166666666666667,0.2828407224958949,0.3559870550161812,0.7317880794701986,0.19747235387045814,0.43272727272727274,0.2857142857142857,0.12547348484848486
0060_2,0060,0.37104072398190047,0.010302879841112214,0.02176922108971939,0.38414634146341464,0.40390879478827363,0.3220108695652174,0.3908450704225352,0.39087947882736157,0.3105175292153589,0.0018738288569643974,0.04799272148299784,0.014474500784872047,0.5057915057915058,0.4722222222222222,0.29545454545454547,0.5038759689922481,0.4935064935064935,0.17364532019704434,0.391304347826087,0.34057971014492755,0.45930232558139533,0.42857142857142855,0.3611111111111111,0.26954492415402564,0.4064748201438849,0.3463855421686747,0.36127744510978044,0.4169611307420495,0.35507246376811596,0.3440065681444992,0.44660194174757284,0.5993377483443708,0.2001053185887309,0.48363636363636364,0.28087167070217917,0.2883522727272727
0061_1,0061,0.6787330316742082,0.02432969215491559,0.037246759783566126,0.6554878048780488,0.46905537459283386,0.4279891304347826,0.7429577464788732,0.4820846905537459,0.37061769616026713,0.0037476577139287947,0.042704423973615374,0.014675282006351988,0.5444015444015444,0.4930555555555556,0.4696969696969697,0.5503875968992248,0.7337662337662337,0.1330049261083744,0.5177865612648221,0.5434782608695652,0.4738372093023256,0.5347985347985348,0.6111111111111112,0.1528588098016336,0.5467625899280576,0.6385542168674698,0.48303393213572854,0.5300353356890459,0.5289855072463768,0.10673234811165845,0.48220064724919093,0.8079470198675497,0.10163243812532911,0.56,0.6803874092009685,0.2774621212121212
0061_2,0061,0.23076923076923078,0.02432969215491559,0.032465081162702907,0.7134146341463414,0.4495114006514658,0.4008152173913043,0.6830985915492958,0.4820846905537459,0.4307178631051753,0.0037476577139287947,0.04753781417036279,0.014711787682984704,0.5521235521235521,0.5555555555555556,0.5151515151515151,0.5426356589147286,0.8571428571428571,0.10837438423645321,0.5928853754940712,0.5797101449275363,0.47093023255813954,0.5311355311355311,0.5034722222222222,0.15752625437572929,0.5539568345323741,0.6385542168674698,0.48303393213572854,0.5795053003533569,0.5362318840579711,0.12233169129720854,0.44983818770226536,0.7549668874172185,0.10795155344918378,0.5890909090909091,0.5714285714285714,0.09185606060606061
0061_3,0061,0.5972850678733032,0.02432969215491559,0.03498175412105197,0.6554878048780488,0.5439739413680782,0.42934782608695654,0.7429577464788732,0.5439739413680782,0.44908180300500833,0.0037476577139287947,0.06823609689525759,0.021282809476873655,0.5521235521235521,0.4861111111111111,0.48333333333333334,0.5503875968992248,0.7922077922077922,0.08374384236453201,0.5968379446640316,0.5434782608695652,0.5,0.5311355311355311,0.5625,0.6697782963827305,0.5539568345323741,0.6656626506024096,0.4870259481037924,0.5936395759717314,0.5289855072463768,0.10673234811165845,0.5469255663430421,0.8145695364238411,0.11848341232227488,0.5927272727272728,0.5956416464891041,0.10179924242424243
0062_1,0062,0.4751131221719457,0.013778550148957298,0.025921731470995343,0.7621951219512195,0.6840390879478827,0.44429347826086957,0.7464788732394366,0.6970684039087948,0.4941569282136895,0.004684572142410993,0.04406914591152053,0.012868251013032527,0.7837837837837838,0.7291666666666666,0.5515151515151515,0.810077519379845,0.7694805194805194,0.1958128078817734,0.6956521739130435,0.9927536231884058,0.39098837209302323,0.7875457875457875,0.75,0.23687281213535588,0.5,0.7259036144578314,0.42714570858283435,0.6148409893992933,0.9637681159420289,0.19950738916256158,0.7055016181229773,0.6589403973509934,0.1500789889415482,0.7745454545454545,0.6828087167070218,0.19839015151515152
0062_2,0062,0.47058823529411764,0.011420059582919563,0.023530892160563734,0.774390243902439,0.6579804560260586,0.4578804347826087,0.7429577464788732,0.6644951140065146,0.4707846410684474,0.004684572142410993,0.15148413510747186,0.047128828532836856,0.806949806949807,0.6805555555555556,0.45151515151515154,0.7751937984496124,0.6883116883116883,0.19950738916256158,0.6877470355731226,0.5978260869565217,0.20784883720930233,0.7948717948717948,0.7673611111111112,0.19778296382730456,0.4676258992805755,0.6686746987951807,0.2954091816367265,0.5724381625441696,1.0,0.15024630541871922,0.6828478964401294,0.5397350993377483,0.16429699842022116,0.6654545454545454,0.6440677966101694,0.13589015151515152
0063_1,0063,0.6787330316742082,0.01948857994041708,0.030829243739776017,0.7530487804878049,0.5537459283387622,0.5244565217391305,0.8450704225352113,0.5602605863192183,0.48080133555926546,0.004216114928169894,0.03252587285340612,0.009418464571240829,0.7992277992277992,0.5833333333333334,0.28484848484848485,0.6317829457364341,0.6753246753246753,0.13793103448275862,0.8102766798418972,0.5652173913043478,0.46511627906976744,0.5860805860805861,0.7048611111111112,0.2637106184364061,0.658273381294964,0.7349397590361446,0.7305389221556886,0.6643109540636042,0.7028985507246377,0.06403940886699508,0.5372168284789643,0.9006622516556292,0.2037914691943128,0.6436363636363637,0.5012106537530266,0.09801136363636363
0063_2,0063,0.6742081447963801,0.02035749751737835,0.02944507361268403,0.6890243902439024,0.5732899022801303,0.49592391304347827,0.7323943661971831,0.5765472312703583,0.49248747913188645,0.08229231730168644,0.020072785170021607,0.11745701456576498,0.7374517374517374,0.5625,0.4090909090909091,0.6356589147286822,0.6103896103896104,0.1834975369458128,0.7470355731225297,0.5072463768115942,0.40406976744186046,0.6007326007326007,0.7291666666666666,0.22403733955659277,0.6187050359712231,0.6144578313253012,0.6467065868263473,0.6713780918727915,0.7028985507246377,0.16666666666666666,0.5566343042071198,0.804635761589404,0.229594523433386,0.5709090909090909,0.5084745762711864,0.16145833333333334
0064_1,0064,0.669683257918552,0.020605759682224428,0.029948408204353846,0.5060975609756098,0.4169381107491857,0.6616847826086957,0.6126760563380281,0.4495114006514658,0.7696160267111853,,,,0.583011583011583,0.4861111111111111,0.8848484848484849,0.5426356589147286,0.5584415584415584,0.8035714285714286,0.5731225296442688,0.5289855072463768,0.6351744186046512,0.4945054945054945,0.5486111111111112,0.5624270711785297,0.6618705035971223,0.4939759036144578,0.9101796407185628,0.508833922261484,0.4746376811594203,0.45894909688013136,0.5016181229773463,0.6158940397350994,0.25118483412322273,0.4909090909090909,0.34382566585956414,0.20738636363636365
0064_2,0064,0.15384615384615385,0.020605759682224428,0.030451742796023657,0.524390243902439,0.4495114006514658,0.7296195652173914,0.573943661971831,0.4820846905537459,0.8080133555926544,,,,0.6293436293436293,0.4791666666666667,0.8242424242424242,0.5426356589147286,0.4805194805194805,0.4605911330049261,0.5652173913043478,0.5434782608695652,0.7093023255813954,0.4945054945054945,0.5763888888888888,0.6207701283547258,0.6258992805755396,0.4879518072289157,1.0,0.43462897526501765,0.4927536231884058,0.4852216748768473,0.511326860841424,0.5397350993377483,0.3607161664033702,0.5418181818181819,0.43099273607748184,0.2353219696969697
0065_1,0065,0.6334841628959276,0.070506454816286,0.08154020385050963,0.35365853658536583,0.46905537459283386,0.37907608695652173,0.4119718309859155,0.46905537459283386,0.24040066777963273,,,,0.5444015444015444,0.4722222222222222,0.21818181818181817,0.5348837209302325,0.35714285714285715,0.31527093596059114,0.48221343873517786,0.5,0.438953488372093,0.5164835164835165,0.4375,0.23803967327887982,0.4172661870503597,0.3463855421686747,0.20758483033932135,0.5159010600706714,0.5217391304347826,0.33579638752052543,0.4692556634304207,0.5728476821192053,0.1911532385466035,0.5563636363636364,0.22760290556900725,0.08380681818181818
0065_2,0065,0.6334841628959276,0.01849553128103277,0.03259091481062036,0.4054878048780488,0.5146579804560261,0.2907608695652174,0.41901408450704225,0.5211726384364821,0.2671118530884808,,,,0.6061776061776062,0.4722222222222222,0.3212121212121212,0.5968992248062015,0.4090909090909091,0.17118226600985223,0.5098814229249012,0.47101449275362317,0.4752906976744186,0.5714285714285714,0.4618055555555556,0.2147024504084014,0.4244604316546763,0.39156626506024095,0.2554890219560878,0.5653710247349824,0.5652173913043478,0.3957307060755337,0.4692556634304207,0.5165562913907285,0.11427066877303844,0.5636363636363636,0.26150121065375304,0.09895833333333333
0065_3,0065,0.6334841628959276,0.018867924528301886,0.035107587768969425,0.3597560975609756,0.46905537459283386,0.3125,0.4119718309859155,0.46905537459283386,0.2671118530884808,,,,0.5907335907335908,0.4722222222222222,0.22424242424242424,0.5891472868217055,0.45454545454545453,0.17672413793103448,0.45454545454545453,0.47101449275362317,0.4738372093023256,0.5128205128205128,0.3506944444444444,0.17736289381563594,0.45323741007194246,0.3704819277108434,0.18962075848303392,0.5653710247349824,0.5072463768115942,0.16584564860426929,0.4692556634304207,0.47019867549668876,0.15639810426540285,0.5309090909090909,0.22760290556900725,0.1709280303030303
0066_1,0066,0.6334841628959276,0.02941906653426018,0.07021517553793885,0.7439024390243902,0.4364820846905538,0.40625,0.6443661971830986,0.5407166123778502,0.46243739565943237,,,,0.6602316602316602,0.4930555555555556,0.6484848484848484,0.5503875968992248,0.7142857142857143,0.20320197044334976,0.857707509881423,0.572463768115942,0.561046511627907,0.5494505494505495,0.7013888888888888,0.26954492415402564,0.6115107913669064,0.4879518072289157,0.7145708582834331,0.5053003533568905,0.644927536231884,0.20114942528735633,0.5242718446601942,0.7019867549668874,0.1511321748288573,0.5672727272727273,0.5786924939467313,0.20359848484848486
0066_2,0066,0.6561085972850679,0.01948857994041708,0.029948408204353846,0.6554878048780488,0.43322475570032576,0.3736413043478261,0.573943661971831,0.4560260586319218,0.34390651085141904,,,,0.583011583011583,0.4305555555555556,0.48484848484848486,0.5581395348837209,0.6818181818181818,0.18226600985221675,0.691699604743083,0.572463768115942,0.4738372093023256,0.5018315018315018,0.4305555555555556,0.20770128354725786,0.42805755395683454,0.37650602409638556,0.43912175648702595,0.4452296819787986,0.5652173913043478,0.18472906403940886,0.4368932038834951,0.5695364238410596,0.1616640337019484,0.4690909090909091,0.513317191283293,0.19176136363636365
0066_3,0066,0.8371040723981901,0.023957298907646474,0.04567761419403549,0.6707317073170732,0.4364820846905538,0.41847826086956524,0.6654929577464789,0.4723127035830619,0.5075125208681135,,,,0.6061776061776062,0.4583333333333333,0.5242424242424243,0.5271317829457365,0.6493506493506493,0.16133004926108374,0.6047430830039525,0.5144927536231884,0.4563953488372093,0.45054945054945056,0.5902777777777778,0.22753792298716452,0.43884892086330934,0.3493975903614458,0.4550898203592814,0.47703180212014135,0.5,0.14367816091954022,0.4110032362459547,0.6423841059602649,0.21221695629278567,0.5018181818181818,0.5108958837772397,0.18087121212121213
0067_1,0067,0.16289592760180996,0.023833167825223437,0.019504215427205235,0.29878048780487804,0.38436482084690554,0.28940217391304346,0.4154929577464789,0.4006514657980456,0.25375626043405675,0.0037476577139287947,0.04600250199021949,0.014291972401708465,0.5057915057915058,0.3055555555555556,0.25757575757575757,0.4418604651162791,0.35714285714285715,0.06157635467980296,0.3438735177865613,0.3333333333333333,0.29941860465116277,0.3882783882783883,0.4097222222222222,0.07817969661610269,0.4244604316546763,0.37650602409638556,0.4590818363273453,0.5229681978798587,0.391304347826087,0.05008210180623974,0.42394822006472493,0.423841059602649,0.0468667719852554,0.34545454545454546,0.2857142857142857,0.10274621212121213
0067_2,0067,0.39819004524886875,0.013530287984111222,0.01698754246885617,0.31097560975609756,0.3778501628664495,0.25407608695652173,0.40492957746478875,0.41042345276872966,0.20701168614357263,0.0037476577139287947,0.175366769020812,0.05461249224254371,0.4826254826254826,0.375,0.21515151515151515,0.375968992248062,0.39285714285714285,0.049876847290640396,0.37549407114624506,0.36231884057971014,0.31976744186046513,0.4065934065934066,0.4166666666666667,0.17561260210035007,0.4316546762589928,0.3855421686746988,0.40718562874251496,0.6925795053003534,0.4420289855072464,0.0180623973727422,0.39805825242718446,0.3841059602649007,0.04370721432332807,0.4036363636363636,0.30024213075060535,0.05160984848484849
0067_3,0067,0.16289592760180996,0.022840119165839126,0.01963004907512269,0.32621951219512196,0.36156351791530944,0.24456521739130435,0.3908450704225352,0.3583061889250814,0.21035058430717862,0.0037476577139287947,0.05333788240645968,0.01657357719125324,0.5366795366795367,0.4236111111111111,0.2787878787878788,0.6046511627906976,0.2792207792207792,0.06896551724137931,0.3952569169960474,0.33695652173913043,0.32994186046511625,0.4652014652014652,0.4236111111111111,0.13943990665110853,0.4244604316546763,0.3373493975903614,0.36327345309381237,0.4028268551236749,0.4057971014492754,0.07471264367816093,0.36893203883495146,0.37748344370860926,0.1895734597156398,0.3527272727272727,0.29055690072639223,0.06202651515151515
0068_1,0068,0.3076923076923077,0.01067527308838133,0.017113376116773625,0.3597560975609756,0.4169381107491857,0.2703804347826087,0.46830985915492956,0.4169381107491857,0.24040066777963273,0.00452841973766396,0.010064824292050495,0.0016245026101558793,0.5444015444015444,0.3611111111111111,0.12272727272727273,0.5193798449612403,0.4090909090909091,0.1440886699507389,0.391304347826087,0.42028985507246375,0.3691860465116279,0.45054945054945056,0.4097222222222222,0.12602100350058343,0.5431654676258992,0.4397590361445783,0.25149700598802394,0.45936395759717313,0.45652173913043476,0.030377668308702793,0.4110032362459547,0.6291390728476821,0.1395471300684571,0.3890909090909091,0.26634382566585957,0.07528409090909091
0068_2,0068,0.27149321266968324,0.009930486593843098,0.015855039637599093,0.40853658536585363,0.4592833876221498,0.3138586956521739,0.47183098591549294,0.46254071661237783,0.2654424040066778,,,,0.5444015444015444,0.4131944444444444,0.15151515151515152,0.5271317829457365,0.36363636363636365,0.12315270935960591,0.391304347826087,0.463768115942029,0.37209302325581395,0.5054945054945055,0.4409722222222222,0.11260210035005834,0.5971223021582733,0.46686746987951805,0.2874251497005988,0.45229681978798586,0.39855072463768115,0.09975369458128079,0.4627831715210356,0.7350993377483444,0.19957872564507637,0.49818181818181817,0.29539951573849876,0.045928030303030304
0069_1,0069,0.6334841628959276,0.02159880834160874,0.035736756008556685,0.7042682926829268,0.6644951140065146,0.45652173913043476,0.7922535211267606,0.7231270358306189,0.6193656093489148,0.003435352904434728,0.07244398953713181,0.02272478370386595,0.722007722007722,0.8298611111111112,0.5378787878787878,0.9302325581395349,0.7012987012987013,0.1625615763546798,0.7430830039525692,0.7391304347826086,0.373546511627907,0.8315018315018315,0.8263888888888888,0.13185530921820304,0.4460431654676259,0.7108433734939759,0.29141716566866266,0.7314487632508834,0.7391304347826086,0.11986863711001643,0.6310679611650486,0.9271523178807947,0.13638757240652974,0.7454545454545455,0.6174334140435835,0.11931818181818182
0069_2,0069,0.6244343891402715,0.02035749751737835,0.03498175412105197,0.7804878048780488,0.7100977198697068,0.5203804347826086,0.7359154929577465,0.7166123778501629,0.4607679465776294,0.003435352904434728,0.03229841919708859,0.009966049720731575,0.7374517374517374,0.7083333333333334,0.5333333333333333,0.7906976744186046,0.7467532467532467,0.12315270935960591,0.7470355731225297,0.7318840579710145,0.375,0.8388278388278388,0.7916666666666666,0.15635939323220538,0.5431654676258992,0.6746987951807228,0.3652694610778443,0.734982332155477,0.644927536231884,0.1539408866995074,0.6828478964401294,0.7649006622516556,0.17272248551869404,0.730909090909091,0.6222760290556901,0.12926136363636365
0069_3,0069,0.579185520361991,0.01861966236345581,0.03095507738769347,0.7134146341463414,0.6579804560260586,0.46875,0.7992957746478874,0.6905537459283387,0.5225375626043406,0.003435352904434728,0.020357102240418513,0.005548862848172891,0.6988416988416989,0.6319444444444444,0.5151515151515151,0.813953488372093,0.7337662337662337,0.14285714285714285,0.8023715415019763,0.6811594202898551,0.3953488372093023,0.673992673992674,0.7222222222222222,0.1353558926487748,0.5179856115107914,0.7289156626506024,0.40718562874251496,0.6713780918727915,0.6521739130434783,0.1174055829228243,0.7022653721682848,0.8509933774834437,0.1521853607161664,0.7236363636363636,0.585956416464891,0.12736742424242425
0070_1,0070,0.3755656108597285,0.01663356504468719,0.01963004907512269,0.4329268292682927,0.4169381107491857,0.26222826086956524,0.46830985915492956,0.4364820846905538,0.22036727879799667,0.0858838226108682,0.021494370522006142,0.022998576278611325,0.4749034749034749,0.4513888888888889,0.346969696969697,0.4573643410852713,0.474025974025974,0.020935960591133004,0.3952569169960474,0.4963768115942029,0.3081395348837209,0.4945054945054945,0.4444444444444444,0.09218203033838973,0.4316546762589928,0.3825301204819277,0.2754491017964072,0.4558303886925795,0.43478260869565216,0.07922824302134647,0.4174757281553398,0.4503311258278146,0.016324381253291206,0.44727272727272727,0.3486682808716707,0.020359848484848484
0070_2,0070,0.5113122171945701,0.016881827209533268,0.02403422675223355,0.4176829268292683,0.44299674267100975,0.2758152173913043,0.46830985915492956,0.44299674267100975,0.2270450751252087,0.12367270455965022,0.06186739451836688,0.03781988099149418,0.5057915057915058,0.4791666666666667,0.4,0.49612403100775193,0.474025974025974,0.04556650246305419,0.525691699604743,0.5072463768115942,0.3633720930232558,0.46886446886446886,0.4444444444444444,0.10618436406067679,0.43884892086330934,0.4578313253012048,0.4311377245508982,0.43109540636042404,0.391304347826087,0.08456486042692939,0.4077669902912621,0.4966887417218543,0.028962611901000527,0.5127272727272727,0.35351089588377727,0.04498106060606061
0071_1,0071,0.9909502262443439,0.02830188679245283,0.04379010947527369,0.6585365853658537,0.755700325732899,0.5230978260869565,0.778169014084507,0.7166123778501629,0.49081803005008345,0.004372267332916927,0.07022631638803593,0.023381885883254846,0.8262548262548263,0.7708333333333334,0.37727272727272726,0.7751937984496124,0.7662337662337663,0.11576354679802955,0.6996047430830039,0.6956521739130435,0.5668604651162791,0.7655677655677655,0.7430555555555556,0.20070011668611434,0.697841726618705,0.6445783132530121,0.6866267465069861,0.8127208480565371,0.8260869565217391,0.090311986863711,0.6925566343042071,0.7152317880794702,0.110057925223802,0.8909090909090909,0.5375302663438256,0.11837121212121213
0071_2,0071,1.0,0.03252234359483615,0.046306782433622753,0.6341463414634146,0.8143322475570033,0.4986413043478261,0.7711267605633803,0.755700325732899,0.6043405676126878,0.004372267332916927,0.08802456499488229,0.02725148760632278,0.7915057915057915,0.8472222222222222,0.5121212121212121,0.8798449612403101,0.7337662337662337,0.13177339901477833,0.7193675889328063,0.717391304347826,0.5843023255813954,0.8021978021978022,0.8159722222222222,0.205950991831972,0.7553956834532374,0.6746987951807228,0.6347305389221557,0.7526501766784452,0.8405797101449275,0.1469622331691297,0.8122977346278317,0.8145695364238411,0.20168509741969456,0.8690909090909091,0.5569007263922519,0.15009469696969696
0071_3,0071,0.18099547511312217,0.033515392254220455,0.03296841575437272,0.6829268292682927,0.7882736156351792,0.5665760869565217,0.7852112676056338,0.749185667752443,0.5225375626043406,0.004372267332916927,0.07471852610030706,0.022323221260906072,0.8918918918918919,0.8125,0.43636363636363634,0.8837209302325582,0.7987012987012987,0.13977832512315272,0.7470355731225297,0.7318840579710145,0.5784883720930233,0.7655677655677655,0.8125,0.1499416569428238,0.7410071942446043,0.6355421686746988,0.7005988023952096,0.8127208480565371,0.7717391304347826,0.12233169129720854,0.6440129449838188,0.7615894039735099,0.0889942074776198,0.8327272727272728,0.585956416464891,0.17660984848484848
0072_1,0072,0.24434389140271492,0.052135054617676264,0.05184346294199069,0.5975609756097561,0.5146579804560261,0.3491847826086957,0.8063380281690141,0.5374592833876222,0.4056761268781302,0.00655840099937539,0.15455475946775846,0.04829701018508378,0.49034749034749037,0.4305555555555556,0.4484848484848485,0.6356589147286822,0.487012987012987,0.11083743842364532,0.391304347826087,0.5434782608695652,0.4069767441860465,0.5531135531135531,0.6597222222222222,0.24154025670945156,0.5539568345323741,0.6626506024096386,0.6307385229540918,0.46996466431095407,0.4963768115942029,0.09688013136288999,0.47572815533980584,0.8576158940397351,0.19747235387045814,0.5854545454545454,0.7021791767554479,0.13304924242424243
0072_2,0072,0.24434389140271492,0.22802879841112214,0.22549389706807602,0.5914634146341463,0.4755700325732899,0.27309782608695654,0.8345070422535211,0.4169381107491857,0.3088480801335559,,,,0.4864864864864865,0.5034722222222222,0.4575757575757576,0.5426356589147286,0.487012987012987,0.08990147783251232,0.43873517786561267,0.5543478260869565,0.3793604651162791,0.6117216117216118,1.0,0.19603267211201866,0.5971223021582733,0.6475903614457831,0.6347305389221557,0.4664310954063604,0.463768115942029,0.0993431855500821,0.5533980582524272,0.8211920529801324,0.1395471300684571,0.5272727272727272,0.7021791767554479,0.14820075757575757
0072_3,0072,0.4072398190045249,0.022095332671300892,0.02642506606266516,0.7225609756097561,0.48534201954397393,0.39266304347826086,0.7570422535211268,0.495114006514658,0.34056761268781305,0.006870705808869456,0.03042192653246901,0.008469316978790203,0.4749034749034749,0.4513888888888889,0.47878787878787876,0.5193798449612403,0.5454545454545454,0.08990147783251232,0.4426877470355731,0.4673913043478261,0.36773255813953487,0.575091575091575,0.5972222222222222,0.13885647607934656,0.60431654676259,0.6927710843373494,0.6626746506986028,0.4664310954063604,0.47101449275362317,0.10837438423645321,0.5469255663430421,0.8774834437086093,0.10321221695629279,0.5818181818181818,0.5278450363196125,0.09375
0073_1,0073,0.14479638009049775,0.015392254220456803,0.017113376116773625,0.4634146341463415,0.4723127035830619,0.26222826086956524,0.4612676056338028,0.50814332247557,0.21368948247078465,,,,0.38996138996138996,0.5555555555555556,0.13333333333333333,0.5852713178294574,0.4512987012987013,0.07019704433497537,0.4308300395256917,0.43478260869565216,0.3226744186046512,0.5970695970695971,0.5069444444444444,0.09451575262543757,0.29856115107913667,0.45180722891566266,0.0658682634730539,0.5653710247349824,0.391304347826087,0.0,0.47572815533980584,0.4900662251655629,0.09583991574512901,0.5127272727272727,0.36803874092009686,0.04403409090909091
0073_2,0073,0.14479638009049775,0.036494538232373384,0.03447841952938216,0.49390243902439024,0.4169381107491857,0.28940217391304346,0.5316901408450704,0.5732899022801303,0.2938230383973289,0.003435352904434728,0.01973160468554532,0.005165553243529369,0.39768339768339767,0.6076388888888888,0.13636363636363635,0.5891472868217055,0.4675324675324675,0.10591133004926108,0.43478260869565216,0.3695652173913043,0.3226744186046512,0.5677655677655677,0.5694444444444444,0.17269544924154026,0.31654676258992803,0.4819277108433735,0.08383233532934131,0.5618374558303887,0.38405797101449274,0.03776683087027915,0.43042071197411,0.48344370860927155,0.11163770405476567,0.5563636363636364,0.4213075060532688,0.07954545454545454
0074_1,0074,0.6334841628959276,0.1211519364448858,0.13250283125707815,0.5548780487804879,0.8078175895765473,0.6399456521739131,0.6197183098591549,1.0,0.7078464106844741,,,,0.7606177606177607,0.7083333333333334,0.3696969696969697,0.937984496124031,0.43506493506493504,0.854679802955665,0.32806324110671936,0.5289855072463768,0.45348837209302323,0.9413919413919414,0.4340277777777778,0.7380396732788798,0.49280575539568344,0.49096385542168675,0.6127744510978044,0.7985865724381626,0.4057971014492754,0.812807881773399,0.9805825242718447,0.41721854304635764,0.5566087414428647,1.0,0.38256658595641646,0.3025568181818182
0074_2,0074,0.5972850678733032,0.018867924528301886,0.02491506228765572,0.4573170731707317,0.755700325732899,0.5285326086956522,0.5246478873239436,0.755700325732899,0.5475792988313857,,,,0.7683397683397684,0.84375,0.45606060606060606,0.8527131782945736,0.40584415584415584,0.5584975369458128,0.42292490118577075,0.5,0.45058139534883723,0.7216117216117216,0.5069444444444444,0.16569428238039674,0.48201438848920863,0.4397590361445783,0.499001996007984,0.7985865724381626,0.5869565217391305,0.6252052545155994,0.9870550161812298,0.44370860927152317,0.15850447604002108,0.8254545454545454,0.3922518159806295,0.38825757575757575
0074_3,0074,0.6244343891402715,0.019860973187686197,0.0362400906002265,0.573170731707317,0.6872964169381107,0.529891304347826,0.602112676056338,0.6970684039087948,0.5175292153589316,0.829793878825734,0.056408506766746275,0.5300624247070419,0.7374517374517374,0.8402777777777778,0.47424242424242424,0.8217054263565892,0.4577922077922078,0.4014778325123153,0.391304347826087,0.5289855072463768,0.46511627906976744,0.7362637362637363,0.4375,0.425904317386231,0.5179856115107914,0.4939759036144578,0.5528942115768463,0.7985865724381626,0.45652173913043476,0.5369458128078818,0.7411003236245954,0.41721854304635764,0.43812532912058977,0.7454545454545455,0.4891041162227603,0.12642045454545456
0075_1,0075,0.8054298642533937,0.018867924528301886,0.05788347804202844,0.6341463414634146,0.4169381107491857,0.5720108695652174,0.573943661971831,0.41042345276872966,0.5075125208681135,,,,0.5212355212355212,0.3888888888888889,0.7090909090909091,0.4728682170542636,0.4935064935064935,0.39039408866995073,0.541501976284585,0.463768115942029,0.7005813953488372,0.45054945054945056,0.4027777777777778,0.3016336056009335,0.5611510791366906,0.46987951807228917,0.6586826347305389,0.42402826855123676,0.5289855072463768,0.32922824302134646,0.39805825242718446,0.39072847682119205,0.2353870458135861,0.4690909090909091,0.4406779661016949,0.22017045454545456
0075_2,0075,0.7420814479638009,0.01961271102284012,0.036743425191896315,0.6737804878048781,0.40716612377850164,0.5964673913043478,0.6443661971830986,0.4169381107491857,0.6978297161936561,,,,0.5366795366795367,0.4236111111111111,0.8287878787878787,0.5193798449612403,0.5454545454545454,0.3226600985221675,0.6047430830039525,0.47101449275362317,0.7267441860465116,0.48717948717948717,0.4583333333333333,0.31738623103850644,0.5755395683453237,0.4939759036144578,0.6866267465069861,0.43109540636042404,0.5072463768115942,0.38834154351395733,0.4045307443365696,0.45364238410596025,0.42338072669826227,0.48363636363636364,0.46731234866828086,0.25047348484848486
0076_1,0076,0.15384615384615385,0.030039721946375372,0.02894173902101422,1.0,0.46905537459283386,0.5203804347826086,0.954225352112676,0.4820846905537459,0.6176961602671118,,,,0.6216216216216216,0.4861111111111111,0.4257575757575758,0.5271317829457365,0.8896103896103896,0.18226600985221675,0.6047430830039525,0.5362318840579711,0.4738372093023256,0.5311355311355311,0.6701388888888888,0.1721120186697783,0.5431654676258992,0.8945783132530121,0.5269461077844312,0.5265017667844523,0.5507246376811594,0.11371100164203612,0.34627831715210355,0.9900662251655629,0.08372827804107424,0.5418181818181819,1.0,0.21259469696969696
0076_2,0076,0.6877828054298643,0.02135054617676266,0.02982257455643639,0.9024390243902439,0.4169381107491857,0.4796195652173913,0.8450704225352113,0.46905537459283386,0.48580968280467446,,,,0.5907335907335908,0.4930555555555556,0.4484848484848485,0.46511627906976744,0.9707792207792207,0.13854679802955666,0.5573122529644269,0.5507246376811594,0.4636627906976744,0.5091575091575091,0.8958333333333334,0.19019836639439908,0.5287769784172662,0.7951807228915663,0.469061876247505,0.45936395759717313,0.5507246376811594,0.11083743842364532,0.42394822006472493,0.8940397350993378,0.08267509215376515,0.49818181818181817,0.8232445520581114,0.1553030303030303
0077_1,0077,0.00904977375565611,0.0004965243296921549,0.0007550018875047187,0.012195121951219513,0.013029315960912053,0.1480978260869565,0.0,0.019543973941368076,0.09849749582637729,,,,0.0,0.013888888888888888,0.26666666666666666,0.031007751937984496,0.032467532467532464,0.08497536945812807,0.019762845849802372,0.0,0.16279069767441862,0.01098901098901099,0.0763888888888889,0.14935822637106183,0.0,0.0,0.18762475049900199,0.024734982332155476,0.03985507246376811,0.10632183908045977,0.05501618122977346,0.059602649006622516,0.07003686150605581,0.01818181818181818,0.01937046004842615,0.08380681818181818
0077_2,0077,0.0,0.0,0.002139172014596703,0.0,0.03257328990228013,0.15896739130434784,0.0035211267605633804,0.026058631921824105,0.10350584307178631,,,,0.011583011583011582,0.020833333333333332,0.22121212121212122,0.007751937984496124,0.045454545454545456,0.06157635467980296,0.019762845849802372,0.0,0.17732558139534885,0.03296703296703297,0.07291666666666667,0.15694282380396732,0.0,0.006024096385542169,0.2155688622754491,0.04240282685512368,0.050724637681159424,0.09113300492610837,0.04854368932038835,0.059602649006622516,0.24065297525013166,0.025454545454545455,0.05084745762711865,0.2206439393939394
0078_1,0078,0.38009049773755654,0.013282025819265145,0.019000880835535423,0.3597560975609756,0.2671009771986971,0.2269021739130435,0.35563380281690143,0.3127035830618892,0.14858096828046743,0.08026233603997501,0.015239394973274195,0.02058920162085204,0.5366795366795367,0.3611111111111111,0.024242424242424242,0.3488372093023256,0.35714285714285715,0.11206896551724138,0.32806324110671936,0.32971014492753625,0.3706395348837209,0.34065934065934067,0.3263888888888889,0.061260210035005834,0.31654676258992803,0.3433734939759036,0.027944111776447105,0.35335689045936397,0.3333333333333333,0.041050903119868636,0.3365695792880259,0.2582781456953642,0.04318062137967351,0.33090909090909093,0.2857142857142857,0.04640151515151515
0078_2,0078,0.37104072398190047,0.010923535253227408,0.015100037750094376,0.3567073170731707,0.3127035830618892,0.2296195652173913,0.35563380281690143,0.30618892508143325,0.18363939899833054,,,,0.42857142857142855,0.3611111111111111,0.02727272727272727,0.40310077519379844,0.3051948051948052,0.14224137931034483,0.3201581027667984,0.36231884057971014,0.39825581395348836,0.3076923076923077,0.2708333333333333,0.029171528588098017,0.3381294964028777,0.39759036144578314,0.0,0.3710247349823322,0.2826086956521739,0.047619047619047616,0.313915857605178,0.26490066225165565,0.09847288046340179,0.32727272727272727,0.2711864406779661,0.08001893939393939
0079_1,0079,0.416289592760181,0.012909632571996028,0.013338366679250032,0.4695121951219512,0.39087947882736157,0.37907608695652173,0.4612676056338028,0.39087947882736157,0.3572621035058431,0.14459712679575265,0.032412146025247356,0.10528237140875406,0.6293436293436293,0.4131944444444444,0.09848484848484848,0.4186046511627907,0.40584415584415584,0.08805418719211823,0.4308300395256917,0.6376811594202898,0.3633720930232558,0.34065934065934067,0.5763888888888888,0.12485414235705951,0.30935251798561153,0.47289156626506024,0.06786427145708583,0.43109540636042404,0.4855072463768116,0.03284072249589491,0.34627831715210355,0.5231788079470199,0.09110057925223802,0.44363636363636366,0.4116222760290557,0.08380681818181818
0079_2,0079,0.4072398190045249,0.015143992055610725,0.013841701270919844,0.47560975609756095,0.43322475570032576,0.4008152173913043,0.4119718309859155,0.40390879478827363,0.3772954924874791,0.11242973141786383,0.025133629023086548,0.06224217865878144,0.6138996138996139,0.3888888888888889,0.11515151515151516,0.4418604651162791,0.42857142857142855,0.12315270935960591,0.45454545454545453,0.5507246376811594,0.3430232558139535,0.42124542124542125,0.5416666666666666,0.11901983663943991,0.35611510791366907,0.4186746987951807,0.06986027944111776,0.43109540636042404,0.5942028985507246,0.029556650246305417,0.33980582524271846,0.4900662251655629,0.08794102159031068,0.41818181818181815,0.4213075060532688,0.06486742424242424
0080_1,0080,0.6334841628959276,0.018123138033763656,0.027683402541839687,0.6859756097560976,0.6449511400651465,0.4157608695652174,0.7288732394366197,0.6775244299674267,0.3789649415692821,0.0,0.030649380188786535,0.008378052787208412,0.8378378378378378,0.7083333333333334,0.30303030303030304,0.7596899224806202,0.8214285714285714,0.29310344827586204,0.6600790513833992,0.7753623188405797,0.6002906976744186,0.706959706959707,0.9236111111111112,0.25029171528588096,0.7482014388489209,0.9036144578313253,0.5708582834331337,0.7208480565371025,0.9130434782608695,0.15435139573070608,0.686084142394822,0.9735099337748344,0.32490784623486046,0.7527272727272727,0.5326876513317191,0.15198863636363635
0080_2,0080,0.5429864253393665,0.018123138033763656,0.021895054737636845,0.6341463414634146,0.6547231270358306,0.3845108695652174,0.6443661971830986,0.6579804560260586,0.34390651085141904,0.0003123048094940662,0.020812009553053564,0.005475851494907458,0.7915057915057915,0.7465277777777778,0.31666666666666665,0.7829457364341085,0.7142857142857143,0.31157635467980294,0.6442687747035574,0.7391304347826086,0.5697674418604651,0.7655677655677655,0.9895833333333334,0.33430571761960326,0.6510791366906474,0.7620481927710844,0.5169660678642715,0.7314487632508834,0.8804347826086957,0.13793103448275862,0.6245954692556634,0.9801324503311258,0.1743022643496577,0.7745454545454545,0.5907990314769975,0.16145833333333334
